CertificateID,Name,IssueDate,IssueOrganization
CER0001,Chứng chỉ Phẫu thuật Thú y,2022-12-24,Trường Đại học Nông Lâm TP.HCM
CER0002,Chứng chỉ Quản lý bệnh viện Thú y,2022-11-30,Trường Đại học Kasetsart Thái Lan
CER0003,Chứng chỉ Pháp y Thú y,2018-11-24,Bệnh viện Thú y Quốc gia
CER0004,Chứng chỉ Siêu âm chẩn đoán,2011-09-15,Viện Nông nghiệp Australia
CER0005,Chứng chỉ X-quang Thú y,2012-04-14,Bệnh viện Thú y Quốc gia
CER0006,Chứng chỉ Quản lý bệnh viện Thú y,2023-06-20,Trung tâm Kiểm dịch Động vật
CER0007,Chứng chỉ Phẫu thuật Thú y,2022-09-11,Trung tâm Kiểm dịch Động vật
CER0008,Bằng Thạc sĩ Thú y,2017-10-15,Trường Veterinary Medicine USA
CER0009,Chứng chỉ Sinh sản Thú y,2018-04-24,Trường Đại học Thú y Hà Nội
CER0010,Chứng chỉ Ngoại khoa Thú y,2017-08-27,Trường Đại học Nông Lâm TP.HCM
CER0011,Chứng chỉ Sinh sản Thú y,2020-12-29,Trường Đại học Thú y Hà Nội
CER0012,Chứng chỉ Sinh sản Thú y,2018-02-15,Trường Đại học Kasetsart Thái Lan
CER0013,Chứng chỉ Bệnh da liễu Thú y,2013-06-07,Đại học Cornell
CER0014,Chứng chỉ Nha y Thú y,2021-09-14,Trường Đại học Kasetsart Thái Lan
CER0015,Chứng chỉ Phòng chống bệnh truyền nhiễm,2023-10-25,Trung tâm Kiểm dịch Động vật
CER0016,Chứng chỉ Bệnh học Thú y,2020-11-04,Đại học California
CER0017,Chứng chỉ Sinh sản Thú y,2023-04-16,Hiệp hội Thú y Việt Nam
CER0018,Chứng chỉ Anestesia Thú y,2015-07-05,Hiệp hội Thú y Châu Á-Thái Bình Dương
CER0019,Bằng Đại học Thú y,2016-04-03,Đại học California
CER0020,Chứng chỉ X-quang Thú y,2020-06-03,Viện Nông nghiệp Australia
CER0021,Chứng chỉ Chẩn đoán lâm sàng,2018-07-02,Tổ chức Thú y Quốc tế (OIE)
CER0022,Bằng Tiến sĩ Thú y,2021-02-01,Hiệp hội Thú y Châu Á-Thái Bình Dương
CER0023,Chứng chỉ Anestesia Thú y,2014-01-29,Đại học California
CER0024,Chứng chỉ Siêu âm chẩn đoán,2017-12-16,Trung tâm Kiểm dịch Động vật
CER0025,Chứng chỉ Phòng chống bệnh truyền nhiễm,2017-08-20,Hiệp hội Thú y Việt Nam
CER0026,Chứng chỉ Chẩn đoán lâm sàng,2016-03-13,Trường Veterinary Medicine USA
CER0027,Bằng Tiến sĩ Thú y,2021-08-03,Bộ Nông nghiệp và Phát triển Nông thôn
CER0028,Bằng Đại học Thú y,2015-06-01,Bệnh viện Thú y Quốc gia
CER0029,Chứng chỉ Sinh sản Thú y,2020-12-16,Trường Veterinary Medicine USA
CER0030,Chứng chỉ X-quang Thú y,2020-09-05,Trường Đại học Kasetsart Thái Lan
CER0031,Chứng chỉ Nội khoa Thú y,2020-01-20,Trung tâm Kiểm dịch Động vật
CER0032,Bằng Tiến sĩ Thú y,2012-02-02,Hiệp hội Thú y Việt Nam
CER0033,Chứng chỉ X-quang Thú y,2019-01-26,Bệnh viện Thú y Quốc gia
CER0034,Chứng chỉ X-quang Thú y,2016-11-13,Trường Đại học Kasetsart Thái Lan
CER0035,Chứng chỉ Dịch tễ học Thú y,2018-04-12,Đại học California
CER0036,Chứng chỉ Bệnh học Thú y,2021-11-28,Tổ chức Thú y Quốc tế (OIE)
CER0037,Chứng chỉ Sinh sản Thú y,2022-05-06,Tổ chức Thú y Quốc tế (OIE)
CER0038,Chứng chỉ Dinh dưỡng Thú y,2020-03-06,Hiệp hội Thú y Việt Nam
CER0039,Chứng chỉ Quản lý bệnh viện Thú y,2015-08-22,Bộ Nông nghiệp và Phát triển Nông thôn
CER0040,Chứng chỉ Phẫu thuật Thú y,2014-04-27,Tổ chức Thú y Quốc tế (OIE)
CER0041,Chứng chỉ Phẫu thuật Thú y,2022-01-07,Trung tâm Kiểm dịch Động vật
CER0042,Chứng chỉ Nha y Thú y,2014-04-19,Bộ Nông nghiệp và Phát triển Nông thôn
CER0043,Chứng chỉ Nội khoa Thú y,2016-03-15,Bệnh viện Thú y Quốc gia
CER0044,Chứng chỉ Dịch tễ học Thú y,2021-10-07,Viện Nông nghiệp Australia
CER0045,Chứng chỉ Quản lý bệnh viện Thú y,2012-04-03,Hiệp hội Thú y Châu Á-Thái Bình Dương
CER0046,Chứng chỉ Siêu âm chẩn đoán,2016-08-23,Bộ Nông nghiệp và Phát triển Nông thôn
CER0047,Chứng chỉ Dinh dưỡng Thú y,2014-01-09,Hiệp hội Thú y Việt Nam
CER0048,Bằng Tiến sĩ Thú y,2021-12-24,Viện Pasteur Nha Trang
CER0049,Chứng chỉ Phòng chống bệnh truyền nhiễm,2011-01-08,Trường Đại học Nông Lâm TP.HCM
CER0050,Chứng chỉ Bệnh học Thú y,2016-07-21,Bệnh viện Thú y Quốc gia
CER0051,Chứng chỉ Phẫu thuật Tim mạch,2021-01-04,Trường Đại học Thú y Hà Nội
CER0052,Bằng Tiến sĩ Thú y,2022-11-16,Hiệp hội Thú y Việt Nam
CER0053,Chứng chỉ Nội khoa Thú y,2020-09-26,Đại học California
CER0054,Chứng chỉ Anestesia Thú y,2014-02-19,Trường Đại học Nông Lâm TP.HCM
CER0055,Chứng chỉ Phòng chống bệnh truyền nhiễm,2020-09-18,Trường Đại học Thú y Hà Nội
CER0056,Bằng Đại học Thú y,2018-12-27,Đại học California
CER0057,Bằng Đại học Thú y,2022-12-10,Trường Đại học Kasetsart Thái Lan
CER0058,Bằng Thạc sĩ Thú y,2013-05-27,Viện Pasteur Nha Trang
CER0059,Chứng chỉ Dịch tễ học Thú y,2016-10-25,Trường Đại học Thú y Hà Nội
CER0060,Chứng chỉ X-quang Thú y,2012-08-28,Trường Veterinary Medicine USA
CER0061,Chứng chỉ Sinh sản Thú y,2023-08-07,Viện Nông nghiệp Australia
CER0062,Chứng chỉ Chẩn đoán lâm sàng,2015-01-23,Trung tâm Kiểm dịch Động vật
CER0063,Chứng chỉ Ngoại khoa Thú y,2018-07-14,Đại học California
CER0064,Chứng chỉ Bệnh da liễu Thú y,2016-09-01,Hiệp hội Thú y Châu Á-Thái Bình Dương
CER0065,Chứng chỉ Dịch tễ học Thú y,2019-08-14,Hiệp hội Thú y Việt Nam
CER0066,Chứng chỉ Dịch tễ học Thú y,2023-12-06,Trường Đại học Nông Lâm TP.HCM
CER0067,Chứng chỉ Chẩn đoán lâm sàng,2012-03-23,Trung tâm Kiểm dịch Động vật
CER0068,Chứng chỉ Siêu âm chẩn đoán,2014-09-25,Hiệp hội Thú y Việt Nam
CER0069,Bằng Đại học Thú y,2013-07-10,Bộ Nông nghiệp và Phát triển Nông thôn
CER0070,Chứng chỉ Nha y Thú y,2022-05-19,Trường Đại học Thú y Hà Nội
CER0071,Chứng chỉ Nha y Thú y,2010-01-22,Đại học Cornell
CER0072,Chứng chỉ Bệnh da liễu Thú y,2023-04-27,Đại học California
CER0073,Chứng chỉ Quản lý bệnh viện Thú y,2010-09-25,Bộ Nông nghiệp và Phát triển Nông thôn
CER0074,Chứng chỉ Quản lý bệnh viện Thú y,2016-05-05,Bệnh viện Thú y Quốc gia
CER0075,Chứng chỉ Bệnh da liễu Thú y,2011-08-07,Trường Đại học Kasetsart Thái Lan
CER0076,Chứng chỉ X-quang Thú y,2015-12-08,Trung tâm Kiểm dịch Động vật
CER0077,Chứng chỉ Dịch tễ học Thú y,2014-06-09,Đại học Cornell
CER0078,Chứng chỉ Phẫu thuật Thú y,2022-03-20,Bộ Nông nghiệp và Phát triển Nông thôn
CER0079,Chứng chỉ Phẫu thuật Tim mạch,2015-12-17,Hiệp hội Thú y Châu Á-Thái Bình Dương
CER0080,Chứng chỉ Phẫu thuật Tim mạch,2011-08-08,Trường Đại học Nông Lâm TP.HCM
CER0081,Chứng chỉ Nha y Thú y,2016-11-24,Viện Nông nghiệp Australia
CER0082,Chứng chỉ Dịch tễ học Thú y,2016-06-22,Đại học California
CER0083,Chứng chỉ Phẫu thuật Thú y,2020-07-06,Bệnh viện Thú y Quốc gia
CER0084,Chứng chỉ Quản lý bệnh viện Thú y,2019-01-11,Hiệp hội Thú y Việt Nam
CER0085,Chứng chỉ Ngoại khoa Thú y,2022-02-10,Đại học California
CER0086,Chứng chỉ Bệnh da liễu Thú y,2011-10-21,Viện Nông nghiệp Australia
CER0087,Bằng Thạc sĩ Thú y,2019-09-10,Bệnh viện Thú y Quốc gia
CER0088,Chứng chỉ Anestesia Thú y,2023-07-17,Hiệp hội Thú y Việt Nam
CER0089,Bằng Tiến sĩ Thú y,2012-01-19,Bộ Nông nghiệp và Phát triển Nông thôn
CER0090,Chứng chỉ Dịch tễ học Thú y,2023-03-03,Trường Đại học Nông Lâm TP.HCM
CER0091,Chứng chỉ Phòng chống bệnh truyền nhiễm,2022-12-04,Trường Đại học Nông Lâm TP.HCM
CER0092,Chứng chỉ Nha y Thú y,2020-07-21,Trường Veterinary Medicine USA
CER0093,Chứng chỉ Bệnh da liễu Thú y,2016-03-28,Viện Pasteur Nha Trang
CER0094,Chứng chỉ Dịch tễ học Thú y,2019-10-11,Trường Đại học Kasetsart Thái Lan
CER0095,Chứng chỉ Nội khoa Thú y,2012-01-18,Đại học California
CER0096,Chứng chỉ Dinh dưỡng Thú y,2019-02-28,Tổ chức Thú y Quốc tế (OIE)
CER0097,Chứng chỉ Anestesia Thú y,2012-05-06,Hiệp hội Thú y Châu Á-Thái Bình Dương
CER0098,Chứng chỉ Nha y Thú y,2017-05-25,Đại học Cornell
CER0099,Chứng chỉ Nội khoa Thú y,2016-06-19,Trường Đại học Kasetsart Thái Lan
CER0100,Chứng chỉ Pháp y Thú y,2022-05-04,Trường Đại học Nông Lâm TP.HCM
CER0101,Chứng chỉ Bệnh da liễu Thú y,2011-12-23,Tổ chức Thú y Quốc tế (OIE)
CER0102,Chứng chỉ Phòng chống bệnh truyền nhiễm,2017-04-02,Trường Đại học Thú y Hà Nội
CER0103,Chứng chỉ Pháp y Thú y,2021-07-17,Hiệp hội Thú y Châu Á-Thái Bình Dương
CER0104,Bằng Tiến sĩ Thú y,2022-03-03,Đại học California
CER0105,Chứng chỉ Sinh sản Thú y,2011-03-21,Bộ Nông nghiệp và Phát triển Nông thôn
CER0106,Chứng chỉ Ngoại khoa Thú y,2018-02-11,Viện Nông nghiệp Australia
CER0107,Chứng chỉ Nội khoa Thú y,2019-12-01,Trung tâm Kiểm dịch Động vật
CER0108,Bằng Thạc sĩ Thú y,2014-07-26,Hiệp hội Thú y Việt Nam
CER0109,Chứng chỉ Bệnh học Thú y,2012-12-09,Hiệp hội Thú y Việt Nam
CER0110,Chứng chỉ Bệnh da liễu Thú y,2020-11-14,Trường Đại học Thú y Hà Nội
CER0111,Bằng Tiến sĩ Thú y,2023-08-28,Trung tâm Kiểm dịch Động vật
CER0112,Chứng chỉ X-quang Thú y,2013-07-21,Hiệp hội Thú y Việt Nam
CER0113,Chứng chỉ Bệnh học Thú y,2010-04-23,Trường Veterinary Medicine USA
CER0114,Chứng chỉ Sinh sản Thú y,2012-02-03,Bộ Nông nghiệp và Phát triển Nông thôn
CER0115,Chứng chỉ Phẫu thuật Thú y,2020-05-08,Trường Đại học Thú y Hà Nội
CER0116,Chứng chỉ Phẫu thuật Tim mạch,2021-03-06,Bệnh viện Thú y Quốc gia
CER0117,Chứng chỉ Quản lý bệnh viện Thú y,2021-05-31,Bệnh viện Thú y Quốc gia
CER0118,Chứng chỉ Phòng chống bệnh truyền nhiễm,2019-04-27,Hiệp hội Thú y Châu Á-Thái Bình Dương
CER0119,Chứng chỉ Nội khoa Thú y,2020-08-04,Bộ Nông nghiệp và Phát triển Nông thôn
CER0120,Chứng chỉ Bệnh da liễu Thú y,2022-05-13,Viện Pasteur Nha Trang
CER0121,Chứng chỉ Pháp y Thú y,2014-04-11,Viện Nông nghiệp Australia
CER0122,Chứng chỉ Ngoại khoa Thú y,2013-01-23,Hiệp hội Thú y Châu Á-Thái Bình Dương
CER0123,Bằng Đại học Thú y,2016-03-13,Trung tâm Kiểm dịch Động vật
CER0124,Chứng chỉ Sinh sản Thú y,2017-08-16,Trung tâm Kiểm dịch Động vật
CER0125,Chứng chỉ Ngoại khoa Thú y,2015-12-29,Hiệp hội Thú y Châu Á-Thái Bình Dương
CER0126,Bằng Tiến sĩ Thú y,2016-05-06,Bệnh viện Thú y Quốc gia
CER0127,Chứng chỉ Quản lý bệnh viện Thú y,2023-03-02,Viện Nông nghiệp Australia
CER0128,Chứng chỉ Nội khoa Thú y,2013-05-02,Đại học California
CER0129,Chứng chỉ Bệnh học Thú y,2020-11-11,Tổ chức Thú y Quốc tế (OIE)
CER0130,Chứng chỉ Anestesia Thú y,2022-05-19,Trung tâm Kiểm dịch Động vật
CER0131,Chứng chỉ Bệnh học Thú y,2018-06-18,Đại học California
CER0132,Chứng chỉ Anestesia Thú y,2014-03-26,Bệnh viện Thú y Quốc gia
CER0133,Chứng chỉ X-quang Thú y,2022-10-29,Đại học Cornell
CER0134,Chứng chỉ X-quang Thú y,2019-03-20,Trường Đại học Nông Lâm TP.HCM
CER0135,Chứng chỉ Anestesia Thú y,2020-08-10,Bệnh viện Thú y Quốc gia
CER0136,Chứng chỉ Pháp y Thú y,2018-08-29,Trường Đại học Kasetsart Thái Lan
CER0137,Chứng chỉ Phẫu thuật Tim mạch,2021-02-09,Trường Đại học Nông Lâm TP.HCM
CER0138,Chứng chỉ Phẫu thuật Tim mạch,2021-04-07,Viện Nông nghiệp Australia
CER0139,Chứng chỉ Anestesia Thú y,2012-04-02,Hiệp hội Thú y Châu Á-Thái Bình Dương
CER0140,Chứng chỉ Bệnh da liễu Thú y,2012-03-27,Trường Veterinary Medicine USA
CER0141,Chứng chỉ Bệnh da liễu Thú y,2010-05-06,Bệnh viện Thú y Quốc gia
CER0142,Chứng chỉ Phẫu thuật Tim mạch,2019-03-13,Hiệp hội Thú y Châu Á-Thái Bình Dương
CER0143,Chứng chỉ Phẫu thuật Tim mạch,2011-09-05,Đại học California
CER0144,Chứng chỉ Phòng chống bệnh truyền nhiễm,2017-08-05,Viện Nông nghiệp Australia
CER0145,Chứng chỉ Pháp y Thú y,2011-10-20,Hiệp hội Thú y Châu Á-Thái Bình Dương
CER0146,Chứng chỉ Anestesia Thú y,2021-12-20,Đại học Cornell
CER0147,Chứng chỉ Anestesia Thú y,2020-12-11,Hiệp hội Thú y Châu Á-Thái Bình Dương
CER0148,Chứng chỉ Bệnh học Thú y,2010-10-22,Viện Nông nghiệp Australia
CER0149,Bằng Đại học Thú y,2015-04-08,Trường Đại học Kasetsart Thái Lan
CER0150,Chứng chỉ Quản lý bệnh viện Thú y,2015-02-07,Bệnh viện Thú y Quốc gia
CER0151,Bằng Đại học Thú y,2019-09-26,Trường Đại học Thú y Hà Nội
CER0152,Chứng chỉ Phẫu thuật Thú y,2019-12-14,Viện Pasteur Nha Trang
CER0153,Chứng chỉ Quản lý bệnh viện Thú y,2010-08-26,Trường Đại học Nông Lâm TP.HCM
CER0154,Chứng chỉ Anestesia Thú y,2011-04-05,Hiệp hội Thú y Việt Nam
CER0155,Chứng chỉ Dinh dưỡng Thú y,2018-05-29,Đại học Cornell
CER0156,Chứng chỉ Phẫu thuật Tim mạch,2015-06-24,Trường Veterinary Medicine USA
CER0157,Chứng chỉ Sinh sản Thú y,2022-09-11,Trường Đại học Kasetsart Thái Lan
CER0158,Chứng chỉ Nha y Thú y,2013-10-24,Viện Pasteur Nha Trang
CER0159,Bằng Đại học Thú y,2023-09-02,Hiệp hội Thú y Châu Á-Thái Bình Dương
CER0160,Chứng chỉ Pháp y Thú y,2023-11-25,Trường Đại học Kasetsart Thái Lan
CER0161,Chứng chỉ X-quang Thú y,2021-02-28,Viện Nông nghiệp Australia
CER0162,Chứng chỉ Phẫu thuật Tim mạch,2015-03-18,Đại học California
CER0163,Chứng chỉ Phòng chống bệnh truyền nhiễm,2020-04-22,Hiệp hội Thú y Việt Nam
CER0164,Bằng Tiến sĩ Thú y,2020-06-08,Hiệp hội Thú y Việt Nam
CER0165,Chứng chỉ Bệnh học Thú y,2013-07-18,Trường Đại học Thú y Hà Nội
CER0166,Chứng chỉ Bệnh da liễu Thú y,2017-10-01,Viện Nông nghiệp Australia
CER0167,Chứng chỉ Quản lý bệnh viện Thú y,2019-07-08,Bệnh viện Thú y Quốc gia
CER0168,Chứng chỉ Phòng chống bệnh truyền nhiễm,2020-03-31,Hiệp hội Thú y Châu Á-Thái Bình Dương
CER0169,Chứng chỉ Quản lý bệnh viện Thú y,2014-06-20,Đại học Cornell
CER0170,Chứng chỉ Nội khoa Thú y,2012-05-23,Bộ Nông nghiệp và Phát triển Nông thôn
CER0171,Chứng chỉ Pháp y Thú y,2022-10-30,Tổ chức Thú y Quốc tế (OIE)
CER0172,Chứng chỉ Dịch tễ học Thú y,2016-08-20,Bệnh viện Thú y Quốc gia
CER0173,Chứng chỉ Quản lý bệnh viện Thú y,2010-06-29,Hiệp hội Thú y Châu Á-Thái Bình Dương
CER0174,Chứng chỉ Pháp y Thú y,2016-02-27,Trường Đại học Nông Lâm TP.HCM
CER0175,Chứng chỉ Dịch tễ học Thú y,2011-02-06,Viện Nông nghiệp Australia
CER0176,Chứng chỉ Nội khoa Thú y,2016-06-02,Trung tâm Kiểm dịch Động vật
CER0177,Chứng chỉ X-quang Thú y,2023-08-14,Trung tâm Kiểm dịch Động vật
CER0178,Chứng chỉ Dinh dưỡng Thú y,2014-11-30,Trường Đại học Kasetsart Thái Lan
CER0179,Chứng chỉ Siêu âm chẩn đoán,2023-12-05,Hiệp hội Thú y Việt Nam
CER0180,Chứng chỉ Phẫu thuật Tim mạch,2012-03-06,Trường Đại học Kasetsart Thái Lan
CER0181,Bằng Thạc sĩ Thú y,2016-12-05,Trung tâm Kiểm dịch Động vật
CER0182,Chứng chỉ Bệnh da liễu Thú y,2010-10-01,Viện Nông nghiệp Australia
CER0183,Chứng chỉ Dinh dưỡng Thú y,2012-12-12,Trường Đại học Thú y Hà Nội
CER0184,Chứng chỉ Quản lý bệnh viện Thú y,2017-04-30,Bệnh viện Thú y Quốc gia
CER0185,Chứng chỉ Sinh sản Thú y,2013-12-09,Bộ Nông nghiệp và Phát triển Nông thôn
CER0186,Chứng chỉ Phẫu thuật Tim mạch,2022-02-05,Tổ chức Thú y Quốc tế (OIE)
CER0187,Chứng chỉ Ngoại khoa Thú y,2021-04-03,Hiệp hội Thú y Việt Nam
CER0188,Chứng chỉ Nha y Thú y,2015-10-07,Hiệp hội Thú y Châu Á-Thái Bình Dương
CER0189,Chứng chỉ Nội khoa Thú y,2016-08-14,Bệnh viện Thú y Quốc gia
CER0190,Chứng chỉ Anestesia Thú y,2012-08-01,Đại học California
CER0191,Bằng Đại học Thú y,2013-02-27,Trung tâm Kiểm dịch Động vật
CER0192,Chứng chỉ X-quang Thú y,2018-11-30,Hiệp hội Thú y Châu Á-Thái Bình Dương
CER0193,Chứng chỉ Bệnh học Thú y,2018-03-16,Trường Đại học Thú y Hà Nội
CER0194,Chứng chỉ Pháp y Thú y,2010-04-25,Hiệp hội Thú y Việt Nam
CER0195,Chứng chỉ Bệnh học Thú y,2012-10-09,Đại học California
CER0196,Chứng chỉ Dinh dưỡng Thú y,2015-11-18,Viện Nông nghiệp Australia
CER0197,Chứng chỉ Pháp y Thú y,2018-05-02,Trường Đại học Thú y Hà Nội
CER0198,Chứng chỉ X-quang Thú y,2020-07-29,Trường Đại học Nông Lâm TP.HCM
CER0199,Chứng chỉ Chẩn đoán lâm sàng,2022-08-05,Tổ chức Thú y Quốc tế (OIE)
CER0200,Chứng chỉ Chẩn đoán lâm sàng,2014-12-19,Trường Đại học Kasetsart Thái Lan
CER0201,Bằng Đại học Thú y,2020-05-31,Bệnh viện Thú y Quốc gia
CER0202,Chứng chỉ Quản lý bệnh viện Thú y,2019-02-27,Trường Đại học Thú y Hà Nội
CER0203,Chứng chỉ Phẫu thuật Tim mạch,2011-01-07,Trường Đại học Nông Lâm TP.HCM
CER0204,Chứng chỉ Quản lý bệnh viện Thú y,2021-01-18,Trường Đại học Thú y Hà Nội
CER0205,Chứng chỉ Phẫu thuật Thú y,2015-04-08,Trường Veterinary Medicine USA
CER0206,Chứng chỉ Phẫu thuật Tim mạch,2018-09-19,Đại học California
CER0207,Chứng chỉ Dinh dưỡng Thú y,2022-02-12,Đại học Cornell
CER0208,Chứng chỉ Dịch tễ học Thú y,2013-06-19,Đại học Cornell
CER0209,Chứng chỉ Phẫu thuật Thú y,2020-12-22,Viện Nông nghiệp Australia
CER0210,Chứng chỉ Sinh sản Thú y,2016-04-10,Trường Đại học Nông Lâm TP.HCM
CER0211,Chứng chỉ Dinh dưỡng Thú y,2014-11-15,Đại học California
CER0212,Chứng chỉ Bệnh da liễu Thú y,2015-04-19,Hiệp hội Thú y Châu Á-Thái Bình Dương
CER0213,Chứng chỉ Dinh dưỡng Thú y,2012-03-24,Trường Đại học Kasetsart Thái Lan
CER0214,Chứng chỉ Dinh dưỡng Thú y,2022-03-19,Trường Đại học Kasetsart Thái Lan
CER0215,Chứng chỉ Dinh dưỡng Thú y,2011-05-12,Đại học Cornell
CER0216,Chứng chỉ Phòng chống bệnh truyền nhiễm,2014-04-04,Trường Đại học Thú y Hà Nội
CER0217,Chứng chỉ Bệnh da liễu Thú y,2012-01-21,Trường Đại học Kasetsart Thái Lan
CER0218,Chứng chỉ Siêu âm chẩn đoán,2023-05-24,Trường Đại học Nông Lâm TP.HCM
CER0219,Bằng Thạc sĩ Thú y,2017-06-25,Bộ Nông nghiệp và Phát triển Nông thôn
CER0220,Chứng chỉ Phẫu thuật Tim mạch,2022-08-31,Bộ Nông nghiệp và Phát triển Nông thôn
CER0221,Bằng Đại học Thú y,2022-06-07,Bộ Nông nghiệp và Phát triển Nông thôn
CER0222,Chứng chỉ Dịch tễ học Thú y,2014-11-05,Hiệp hội Thú y Châu Á-Thái Bình Dương
CER0223,Chứng chỉ X-quang Thú y,2017-05-15,Trung tâm Kiểm dịch Động vật
CER0224,Chứng chỉ Phẫu thuật Tim mạch,2023-05-15,Trường Đại học Nông Lâm TP.HCM
CER0225,Chứng chỉ Phòng chống bệnh truyền nhiễm,2013-03-31,Viện Pasteur Nha Trang
CER0226,Chứng chỉ Bệnh học Thú y,2015-08-16,Trung tâm Kiểm dịch Động vật
CER0227,Chứng chỉ Nha y Thú y,2012-06-19,Trường Đại học Kasetsart Thái Lan
CER0228,Bằng Tiến sĩ Thú y,2012-12-15,Trường Đại học Nông Lâm TP.HCM
CER0229,Chứng chỉ Dinh dưỡng Thú y,2015-05-04,Viện Nông nghiệp Australia
CER0230,Chứng chỉ Anestesia Thú y,2010-05-10,Viện Pasteur Nha Trang
CER0231,Chứng chỉ Phòng chống bệnh truyền nhiễm,2011-03-06,Viện Pasteur Nha Trang
CER0232,Chứng chỉ Sinh sản Thú y,2021-10-19,Trường Đại học Thú y Hà Nội
CER0233,Bằng Đại học Thú y,2020-09-06,Đại học California
CER0234,Chứng chỉ Dinh dưỡng Thú y,2021-07-06,Viện Nông nghiệp Australia
CER0235,Chứng chỉ Phẫu thuật Thú y,2020-02-20,Trường Veterinary Medicine USA
CER0236,Chứng chỉ X-quang Thú y,2023-10-18,Trường Đại học Nông Lâm TP.HCM
CER0237,Chứng chỉ Ngoại khoa Thú y,2016-10-06,Đại học California
CER0238,Bằng Tiến sĩ Thú y,2011-05-14,Đại học California
CER0239,Chứng chỉ Pháp y Thú y,2019-07-25,Trường Đại học Kasetsart Thái Lan
CER0240,Chứng chỉ Phẫu thuật Thú y,2020-12-30,Bệnh viện Thú y Quốc gia
CER0241,Chứng chỉ Bệnh da liễu Thú y,2011-08-26,Trường Đại học Thú y Hà Nội
CER0242,Chứng chỉ Anestesia Thú y,2023-08-24,Viện Pasteur Nha Trang
CER0243,Bằng Đại học Thú y,2012-10-30,Hiệp hội Thú y Việt Nam
CER0244,Chứng chỉ Chẩn đoán lâm sàng,2023-02-17,Trường Veterinary Medicine USA
CER0245,Chứng chỉ Anestesia Thú y,2018-07-18,Viện Nông nghiệp Australia
CER0246,Chứng chỉ Ngoại khoa Thú y,2016-08-12,Đại học California
CER0247,Chứng chỉ Ngoại khoa Thú y,2023-07-31,Đại học Cornell
CER0248,Chứng chỉ Phẫu thuật Thú y,2012-07-26,Hiệp hội Thú y Châu Á-Thái Bình Dương
CER0249,Chứng chỉ Bệnh học Thú y,2014-10-28,Đại học Cornell
CER0250,Chứng chỉ Bệnh da liễu Thú y,2015-02-15,Đại học Cornell
CER0251,Chứng chỉ Anestesia Thú y,2020-03-04,Đại học Cornell
CER0252,Chứng chỉ Sinh sản Thú y,2012-02-18,Tổ chức Thú y Quốc tế (OIE)
CER0253,Chứng chỉ Sinh sản Thú y,2017-01-04,Trường Đại học Kasetsart Thái Lan
CER0254,Chứng chỉ Phòng chống bệnh truyền nhiễm,2018-05-25,Viện Pasteur Nha Trang
CER0255,Chứng chỉ Nội khoa Thú y,2011-07-04,Trường Đại học Thú y Hà Nội
CER0256,Bằng Đại học Thú y,2012-02-03,Đại học Cornell
CER0257,Chứng chỉ Phẫu thuật Thú y,2018-05-11,Trung tâm Kiểm dịch Động vật
CER0258,Chứng chỉ Phẫu thuật Tim mạch,2022-06-24,Trường Đại học Nông Lâm TP.HCM
CER0259,Chứng chỉ Dịch tễ học Thú y,2022-08-06,Trường Veterinary Medicine USA
CER0260,Chứng chỉ Anestesia Thú y,2012-09-28,Đại học Cornell
CER0261,Chứng chỉ Dinh dưỡng Thú y,2019-06-27,Hiệp hội Thú y Châu Á-Thái Bình Dương
CER0262,Bằng Thạc sĩ Thú y,2016-06-14,Viện Nông nghiệp Australia
CER0263,Chứng chỉ Quản lý bệnh viện Thú y,2017-11-20,Trường Đại học Thú y Hà Nội
CER0264,Chứng chỉ Dịch tễ học Thú y,2021-05-19,Bộ Nông nghiệp và Phát triển Nông thôn
CER0265,Chứng chỉ Phẫu thuật Tim mạch,2020-10-25,Bộ Nông nghiệp và Phát triển Nông thôn
CER0266,Chứng chỉ Phẫu thuật Thú y,2017-11-08,Hiệp hội Thú y Châu Á-Thái Bình Dương
CER0267,Chứng chỉ Bệnh học Thú y,2018-03-31,Trường Đại học Thú y Hà Nội
CER0268,Chứng chỉ Phòng chống bệnh truyền nhiễm,2022-11-17,Bộ Nông nghiệp và Phát triển Nông thôn
CER0269,Chứng chỉ Sinh sản Thú y,2022-08-01,Trung tâm Kiểm dịch Động vật
CER0270,Chứng chỉ Chẩn đoán lâm sàng,2023-10-06,Trường Đại học Kasetsart Thái Lan
CER0271,Chứng chỉ Bệnh học Thú y,2010-08-04,Viện Nông nghiệp Australia
CER0272,Chứng chỉ Phòng chống bệnh truyền nhiễm,2010-08-26,Viện Pasteur Nha Trang
CER0273,Chứng chỉ Phòng chống bệnh truyền nhiễm,2016-12-06,Tổ chức Thú y Quốc tế (OIE)
CER0274,Chứng chỉ Dinh dưỡng Thú y,2010-02-20,Viện Pasteur Nha Trang
CER0275,Chứng chỉ Phẫu thuật Tim mạch,2022-09-14,Trường Đại học Kasetsart Thái Lan
CER0276,Chứng chỉ Pháp y Thú y,2011-07-25,Viện Pasteur Nha Trang
CER0277,Bằng Tiến sĩ Thú y,2012-01-22,Bệnh viện Thú y Quốc gia
CER0278,Chứng chỉ Ngoại khoa Thú y,2014-10-29,Đại học Cornell
CER0279,Chứng chỉ Sinh sản Thú y,2020-03-05,Tổ chức Thú y Quốc tế (OIE)
CER0280,Chứng chỉ Nha y Thú y,2018-04-20,Hiệp hội Thú y Việt Nam
CER0281,Chứng chỉ Anestesia Thú y,2022-09-24,Viện Nông nghiệp Australia
CER0282,Bằng Đại học Thú y,2011-03-07,Viện Pasteur Nha Trang
CER0283,Chứng chỉ Nha y Thú y,2023-11-10,Trường Đại học Nông Lâm TP.HCM
CER0284,Bằng Đại học Thú y,2016-02-08,Đại học California
CER0285,Chứng chỉ Sinh sản Thú y,2020-11-22,Viện Nông nghiệp Australia
CER0286,Chứng chỉ Bệnh da liễu Thú y,2019-04-16,Hiệp hội Thú y Việt Nam
CER0287,Chứng chỉ Siêu âm chẩn đoán,2021-06-29,Trường Đại học Thú y Hà Nội
CER0288,Chứng chỉ Dinh dưỡng Thú y,2019-08-23,Trường Đại học Thú y Hà Nội
CER0289,Chứng chỉ Quản lý bệnh viện Thú y,2023-04-21,Đại học California
CER0290,Chứng chỉ Ngoại khoa Thú y,2016-12-01,Trường Đại học Nông Lâm TP.HCM
CER0291,Chứng chỉ X-quang Thú y,2018-11-12,Viện Nông nghiệp Australia
CER0292,Bằng Thạc sĩ Thú y,2010-03-04,Bộ Nông nghiệp và Phát triển Nông thôn
CER0293,Chứng chỉ Quản lý bệnh viện Thú y,2014-09-27,Trung tâm Kiểm dịch Động vật
CER0294,Chứng chỉ Phẫu thuật Tim mạch,2015-09-25,Hiệp hội Thú y Việt Nam
CER0295,Chứng chỉ Anestesia Thú y,2012-09-09,Trường Đại học Nông Lâm TP.HCM
CER0296,Chứng chỉ Nội khoa Thú y,2019-08-29,Viện Pasteur Nha Trang
CER0297,Chứng chỉ Phẫu thuật Tim mạch,2018-07-12,Trường Veterinary Medicine USA
CER0298,Chứng chỉ X-quang Thú y,2021-03-22,Trường Veterinary Medicine USA
CER0299,Chứng chỉ Dinh dưỡng Thú y,2011-08-14,Đại học Cornell
CER0300,Bằng Thạc sĩ Thú y,2019-10-14,Trường Đại học Nông Lâm TP.HCM
