ProductID,ProductName,ProductType,SellingPrice
PRD0001,Tunnel chơi thỏ,Đồ chơi,751370
PRD0002,Ký sinh trùng detector,Thiết bị y tế,242905
PRD0003,Bàn chải đánh răng,Thiết bị y tế,996708
PRD0004,Thức ăn thỏ hữu cơ,Thức ăn,433048
PRD0005,Ngoạm cắt móng,Thiết bị y tế,943065
PRD0006,Cát lót thỏ,Phụ kiện,622570
PRD0007,Xịt khử mùi,Chăm sóc da,711660
PRD0008,Kem chống côn trùng,Chăm sóc da,58432
PRD0009,Thức ăn mèo cao cấp,Thức ăn,794584
PRD0010,Thức ăn Tây Ban Nha,Thức ăn,584751
PRD0011,Chuông leng keng,Đồ chơi,129578
PRD0012,Canxi cho chó già,Vitamin,522901
PRD0013,Siro ho cho chó,Dược phẩm,887064
PRD0014,Thức ăn Tây Ban Nha,Thức ăn,714583
PRD0015,Thức ăn mèo cao cấp,Thức ăn,142048
PRD0016,Thức ăn Tây Ban Nha,Thức ăn,139318
PRD0017,Dầu cá tốt cho lông,Vitamin,160019
PRD0018,Dây kéo vải,Đồ chơi,28719
PRD0019,Ký sinh trùng detector,Thiết bị y tế,296789
PRD0020,Xịt khử mùi,Chăm sóc da,286590
PRD0021,Vitamin C dạng bột,Vitamin,678478
PRD0022,Bàn chải đánh răng,Thiết bị y tế,345868
PRD0023,Siro ho cho chó,Dược phẩm,932270
PRD0024,Vitamin B12 tiêm,Dược phẩm,177300
PRD0025,Dây kéo vải,Đồ chơi,686743
PRD0026,Dầu cá tốt cho lông,Vitamin,295843
PRD0027,Giường nằm cho mèo,Phụ kiện,244919
PRD0028,Kem chống côn trùng,Chăm sóc da,380549
PRD0029,Kem chữa ghề,Dược phẩm,267671
PRD0030,Cát lót thỏ,Phụ kiện,131653
PRD0031,Bóng cao su,Đồ chơi,453727
PRD0032,Thức ăn thỏ hữu cơ,Thức ăn,60719
PRD0033,Kháng sinh dạng bột,Dược phẩm,127954
PRD0034,Máy hút bụi lông,Thiết bị y tế,389059
PRD0035,Vitamin C dạng bột,Vitamin,833589
PRD0036,Kem chữa ghề,Dược phẩm,320600
PRD0037,Cát lót thỏ,Phụ kiện,27543
PRD0038,Ký sinh trùng detector,Thiết bị y tế,849254
PRD0039,Thức ăn Tây Ban Nha,Thức ăn,607741
PRD0040,Thuốc tẩy giun,Dược phẩm,846452
PRD0041,Lồng chim,Phụ kiện,112713
PRD0042,Xịt khử mùi,Chăm sóc da,401059
PRD0043,Glucosamine cho khớp,Vitamin,814147
PRD0044,Cây mèo 3 tầng,Đồ chơi,554758
PRD0045,Dây xích chó,Phụ kiện,294333
PRD0046,Thức ăn Tây Ban Nha,Thức ăn,542531
PRD0047,Thức ăn chó Poodle,Thức ăn,951521
PRD0048,Dây kéo vải,Đồ chơi,242213
PRD0049,Kem mềm da,Chăm sóc da,223835
PRD0050,Vitamin C dạng bột,Vitamin,111081
PRD0051,Ngoạm cắt móng,Thiết bị y tế,112696
PRD0052,Bàn chải đánh răng,Thiết bị y tế,578613
PRD0053,Kem chống côn trùng,Chăm sóc da,873795
PRD0054,Probiotic tiêu hóa,Vitamin,346299
PRD0055,Vitamin B12 tiêm,Dược phẩm,350603
PRD0056,Kem chống côn trùng,Chăm sóc da,723723
PRD0057,Kem chữa ghề,Dược phẩm,541532
PRD0058,Dây xích chó,Phụ kiện,759066
PRD0059,Vòng cổ chó thông minh,Phụ kiện,419458
PRD0060,Vitamin C dạng bột,Vitamin,318806
PRD0061,Glucosamine cho khớp,Vitamin,200238
PRD0062,Thức ăn Tây Ban Nha,Thức ăn,875499
PRD0063,Thức ăn mèo cao cấp,Thức ăn,436022
PRD0064,Thức ăn thỏ hữu cơ,Thức ăn,902866
PRD0065,Cát lót thỏ,Phụ kiện,490531
PRD0066,Thức ăn chó Poodle,Thức ăn,514889
PRD0067,Cát lót thỏ,Phụ kiện,514362
PRD0068,Thức ăn Tây Ban Nha,Thức ăn,97280
PRD0069,Ký sinh trùng detector,Thiết bị y tế,395306
PRD0070,Dây xích chó,Phụ kiện,823710
PRD0071,Thuốc tẩy giun,Dược phẩm,509519
PRD0072,Kem mềm da,Chăm sóc da,848331
PRD0073,Dây kéo vải,Đồ chơi,85935
PRD0074,Kem chữa ghề,Dược phẩm,95748
PRD0075,Kem chống côn trùng,Chăm sóc da,701013
PRD0076,Cây mèo 3 tầng,Đồ chơi,36569
PRD0077,Thức ăn chó hạt khô Premium,Thức ăn,379881
PRD0078,Giường nằm cho mèo,Phụ kiện,104406
PRD0079,Thức ăn mèo cao cấp,Thức ăn,533795
PRD0080,Vitamin B12 tiêm,Dược phẩm,861161
PRD0081,Ký sinh trùng detector,Thiết bị y tế,733625
PRD0082,Dây xích chó,Phụ kiện,816321
PRD0083,Vitamin B12 tiêm,Dược phẩm,643564
PRD0084,Glucosamine cho khớp,Vitamin,155472
PRD0085,Kem chống côn trùng,Chăm sóc da,605898
PRD0086,Ký sinh trùng detector,Thiết bị y tế,806625
PRD0087,Canxi cho chó già,Vitamin,533972
PRD0088,Thức ăn mèo cao cấp,Thức ăn,42104
PRD0089,Xịt khử mùi,Chăm sóc da,886439
PRD0090,Vitamin C dạng bột,Vitamin,910718
PRD0091,Dây kéo vải,Đồ chơi,54108
PRD0092,Bàn chải đánh răng,Thiết bị y tế,616401
PRD0093,Thức ăn thỏ hữu cơ,Thức ăn,652147
PRD0094,Lồng chim,Phụ kiện,522236
PRD0095,Bóng cao su,Đồ chơi,808997
PRD0096,Probiotic tiêu hóa,Vitamin,797235
PRD0097,Vitamin B12 tiêm,Dược phẩm,649958
PRD0098,Thức ăn thỏ hữu cơ,Thức ăn,648252
PRD0099,Bóng cao su,Đồ chơi,289952
PRD0100,Tunnel chơi thỏ,Đồ chơi,109946
PRD0101,Probiotic tiêu hóa,Vitamin,414670
PRD0102,Bóng cao su,Đồ chơi,117948
PRD0103,Chuông leng keng,Đồ chơi,326020
PRD0104,Dầu cá tốt cho lông,Vitamin,707356
PRD0105,Vitamin C dạng bột,Vitamin,545968
PRD0106,Bóng cao su,Đồ chơi,226950
PRD0107,Lồng chim,Phụ kiện,568916
PRD0108,Ngoạm cắt móng,Thiết bị y tế,558561
PRD0109,Vitamin B12 tiêm,Dược phẩm,583439
PRD0110,Vitamin C dạng bột,Vitamin,144511
PRD0111,Thuốc tẩy giun,Dược phẩm,783815
PRD0112,Thức ăn chó hạt khô Premium,Thức ăn,619754
PRD0113,Bàn chải đánh răng,Thiết bị y tế,943853
PRD0114,Dây xích chó,Phụ kiện,634984
PRD0115,Dầu cá tốt cho lông,Vitamin,138302
PRD0116,Kháng sinh dạng bột,Dược phẩm,896754
PRD0117,Ký sinh trùng detector,Thiết bị y tế,533178
PRD0118,Máy hút bụi lông,Thiết bị y tế,72432
PRD0119,Xịt khử mùi,Chăm sóc da,816814
PRD0120,Vitamin C dạng bột,Vitamin,144820
PRD0121,Kem chữa ghề,Dược phẩm,87660
PRD0122,Kem chữa ghề,Dược phẩm,655503
PRD0123,Glucosamine cho khớp,Vitamin,117585
PRD0124,Glucosamine cho khớp,Vitamin,303763
PRD0125,Tunnel chơi thỏ,Đồ chơi,696672
PRD0126,Ký sinh trùng detector,Thiết bị y tế,557387
PRD0127,Kháng sinh dạng bột,Dược phẩm,434781
PRD0128,Kháng sinh dạng bột,Dược phẩm,292769
PRD0129,Thức ăn chó Poodle,Thức ăn,799063
PRD0130,Nhiệt kế điện tử,Thiết bị y tế,112430
PRD0131,Kháng sinh dạng bột,Dược phẩm,243256
PRD0132,Kháng sinh dạng bột,Dược phẩm,520815
PRD0133,Chuông leng keng,Đồ chơi,795231
PRD0134,Kem chống côn trùng,Chăm sóc da,313766
PRD0135,Chuông leng keng,Đồ chơi,730630
PRD0136,Siro ho cho chó,Dược phẩm,641838
PRD0137,Probiotic tiêu hóa,Vitamin,119410
PRD0138,Vitamin B12 tiêm,Dược phẩm,377425
PRD0139,Thức ăn thỏ hữu cơ,Thức ăn,331372
PRD0140,Ký sinh trùng detector,Thiết bị y tế,850252
PRD0141,Dây kéo vải,Đồ chơi,535713
PRD0142,Xịt khử mùi,Chăm sóc da,700008
PRD0143,Dầu gội lông bóng,Chăm sóc da,405654
PRD0144,Máy hút bụi lông,Thiết bị y tế,119786
PRD0145,Vitamin C dạng bột,Vitamin,621027
PRD0146,Xịt khử mùi,Chăm sóc da,447333
PRD0147,Lồng chim,Phụ kiện,517387
PRD0148,Thuốc tẩy giun,Dược phẩm,590511
PRD0149,Thuốc tẩy giun,Dược phẩm,304004
PRD0150,Ký sinh trùng detector,Thiết bị y tế,174448
PRD0151,Máy hút bụi lông,Thiết bị y tế,21183
PRD0152,Vitamin B12 tiêm,Dược phẩm,287593
PRD0153,Vitamin B12 tiêm,Dược phẩm,753563
PRD0154,Nhiệt kế điện tử,Thiết bị y tế,45453
PRD0155,Probiotic tiêu hóa,Vitamin,254852
PRD0156,Nhiệt kế điện tử,Thiết bị y tế,117902
PRD0157,Ký sinh trùng detector,Thiết bị y tế,259549
PRD0158,Thuốc tẩy giun,Dược phẩm,391094
PRD0159,Probiotic tiêu hóa,Vitamin,597156
PRD0160,Dầu gội lông bóng,Chăm sóc da,502277
PRD0161,Dầu cá tốt cho lông,Vitamin,346025
PRD0162,Ngoạm cắt móng,Thiết bị y tế,45294
PRD0163,Vitamin B12 tiêm,Dược phẩm,540754
PRD0164,Kem chữa ghề,Dược phẩm,743376
PRD0165,Chuông leng keng,Đồ chơi,140446
PRD0166,Sữa tắm chuyên dùng,Chăm sóc da,283852
PRD0167,Kem chữa ghề,Dược phẩm,339246
PRD0168,Siro ho cho chó,Dược phẩm,672755
PRD0169,Ngoạm cắt móng,Thiết bị y tế,337511
PRD0170,Thức ăn mèo cao cấp,Thức ăn,402971
PRD0171,Thức ăn Tây Ban Nha,Thức ăn,844513
PRD0172,Chuông leng keng,Đồ chơi,616230
PRD0173,Kem chữa ghề,Dược phẩm,593521
PRD0174,Máy hút bụi lông,Thiết bị y tế,277544
PRD0175,Tunnel chơi thỏ,Đồ chơi,906943
PRD0176,Glucosamine cho khớp,Vitamin,301202
PRD0177,Kem mềm da,Chăm sóc da,434634
PRD0178,Thức ăn Tây Ban Nha,Thức ăn,767186
PRD0179,Dầu cá tốt cho lông,Vitamin,420786
PRD0180,Vòng cổ chó thông minh,Phụ kiện,89018
PRD0181,Siro ho cho chó,Dược phẩm,953796
PRD0182,Glucosamine cho khớp,Vitamin,93223
PRD0183,Kem chống côn trùng,Chăm sóc da,267084
PRD0184,Kem chữa ghề,Dược phẩm,153769
PRD0185,Vitamin B12 tiêm,Dược phẩm,952067
PRD0186,Vitamin C dạng bột,Vitamin,127575
PRD0187,Thức ăn Tây Ban Nha,Thức ăn,320682
PRD0188,Bóng cao su,Đồ chơi,533843
PRD0189,Probiotic tiêu hóa,Vitamin,607197
PRD0190,Chuông leng keng,Đồ chơi,921013
PRD0191,Nhiệt kế điện tử,Thiết bị y tế,949554
PRD0192,Chuông leng keng,Đồ chơi,714593
PRD0193,Kem mềm da,Chăm sóc da,919929
PRD0194,Dầu gội lông bóng,Chăm sóc da,458581
PRD0195,Ký sinh trùng detector,Thiết bị y tế,588855
PRD0196,Thức ăn mèo cao cấp,Thức ăn,868989
PRD0197,Dầu cá tốt cho lông,Vitamin,858120
PRD0198,Chuông leng keng,Đồ chơi,791979
PRD0199,Thức ăn mèo cao cấp,Thức ăn,200342
PRD0200,Thức ăn Tây Ban Nha,Thức ăn,772263
PRD0201,Nhiệt kế điện tử,Thiết bị y tế,611120
PRD0202,Tunnel chơi thỏ,Đồ chơi,267418
PRD0203,Tunnel chơi thỏ,Đồ chơi,864296
PRD0204,Máy hút bụi lông,Thiết bị y tế,917236
PRD0205,Glucosamine cho khớp,Vitamin,533545
PRD0206,Thức ăn thỏ hữu cơ,Thức ăn,882770
PRD0207,Cây mèo 3 tầng,Đồ chơi,864050
PRD0208,Xịt khử mùi,Chăm sóc da,292521
PRD0209,Kem mềm da,Chăm sóc da,684395
PRD0210,Vòng cổ chó thông minh,Phụ kiện,255080
PRD0211,Ký sinh trùng detector,Thiết bị y tế,368655
PRD0212,Tunnel chơi thỏ,Đồ chơi,68053
PRD0213,Kem mềm da,Chăm sóc da,585462
PRD0214,Tunnel chơi thỏ,Đồ chơi,71289
PRD0215,Probiotic tiêu hóa,Vitamin,289306
PRD0216,Dầu cá tốt cho lông,Vitamin,714803
PRD0217,Cây mèo 3 tầng,Đồ chơi,644561
PRD0218,Xịt khử mùi,Chăm sóc da,578374
PRD0219,Nhiệt kế điện tử,Thiết bị y tế,974896
PRD0220,Vitamin C dạng bột,Vitamin,999310
PRD0221,Nhiệt kế điện tử,Thiết bị y tế,564303
PRD0222,Kem mềm da,Chăm sóc da,638918
PRD0223,Dây kéo vải,Đồ chơi,56899
PRD0224,Cát lót thỏ,Phụ kiện,58346
PRD0225,Probiotic tiêu hóa,Vitamin,110452
PRD0226,Chuông leng keng,Đồ chơi,909648
PRD0227,Ngoạm cắt móng,Thiết bị y tế,412688
PRD0228,Kem chữa ghề,Dược phẩm,651139
PRD0229,Cây mèo 3 tầng,Đồ chơi,207115
PRD0230,Canxi cho chó già,Vitamin,975081
PRD0231,Dây xích chó,Phụ kiện,29774
PRD0232,Bàn chải đánh răng,Thiết bị y tế,457073
PRD0233,Canxi cho chó già,Vitamin,857799
PRD0234,Kem mềm da,Chăm sóc da,809535
PRD0235,Cát lót thỏ,Phụ kiện,355517
PRD0236,Dầu cá tốt cho lông,Vitamin,105721
PRD0237,Probiotic tiêu hóa,Vitamin,707312
PRD0238,Dây xích chó,Phụ kiện,899606
PRD0239,Máy hút bụi lông,Thiết bị y tế,886325
PRD0240,Ngoạm cắt móng,Thiết bị y tế,385345
PRD0241,Dây kéo vải,Đồ chơi,790800
PRD0242,Máy hút bụi lông,Thiết bị y tế,472670
PRD0243,Thức ăn mèo cao cấp,Thức ăn,486105
PRD0244,Siro ho cho chó,Dược phẩm,707055
PRD0245,Vitamin C dạng bột,Vitamin,419009
PRD0246,Giường nằm cho mèo,Phụ kiện,946915
PRD0247,Máy hút bụi lông,Thiết bị y tế,773400
PRD0248,Vòng cổ chó thông minh,Phụ kiện,896730
PRD0249,Vitamin C dạng bột,Vitamin,588168
PRD0250,Xịt khử mùi,Chăm sóc da,675828
PRD0251,Thức ăn chó hạt khô Premium,Thức ăn,973490
PRD0252,Probiotic tiêu hóa,Vitamin,527317
PRD0253,Glucosamine cho khớp,Vitamin,903642
PRD0254,Thức ăn Tây Ban Nha,Thức ăn,683165
PRD0255,Dây xích chó,Phụ kiện,491930
PRD0256,Chuông leng keng,Đồ chơi,879874
PRD0257,Bàn chải đánh răng,Thiết bị y tế,779188
PRD0258,Thức ăn chó Poodle,Thức ăn,100657
PRD0259,Siro ho cho chó,Dược phẩm,62613
PRD0260,Máy hút bụi lông,Thiết bị y tế,940456
PRD0261,Ngoạm cắt móng,Thiết bị y tế,707675
PRD0262,Thức ăn chó Poodle,Thức ăn,617456
PRD0263,Chuông leng keng,Đồ chơi,797052
PRD0264,Vòng cổ chó thông minh,Phụ kiện,137868
PRD0265,Bàn chải đánh răng,Thiết bị y tế,756127
PRD0266,Sữa tắm chuyên dùng,Chăm sóc da,99266
PRD0267,Thức ăn chó Poodle,Thức ăn,685310
PRD0268,Kem chống côn trùng,Chăm sóc da,605359
PRD0269,Thức ăn chó Poodle,Thức ăn,522621
PRD0270,Giường nằm cho mèo,Phụ kiện,398034
PRD0271,Thức ăn mèo cao cấp,Thức ăn,406059
PRD0272,Lồng chim,Phụ kiện,767581
PRD0273,Nhiệt kế điện tử,Thiết bị y tế,365048
PRD0274,Canxi cho chó già,Vitamin,386726
PRD0275,Probiotic tiêu hóa,Vitamin,292803
PRD0276,Kem chữa ghề,Dược phẩm,738764
PRD0277,Vòng cổ chó thông minh,Phụ kiện,162731
PRD0278,Xịt khử mùi,Chăm sóc da,455861
PRD0279,Canxi cho chó già,Vitamin,65029
PRD0280,Canxi cho chó già,Vitamin,87277
PRD0281,Cát lót thỏ,Phụ kiện,186329
PRD0282,Probiotic tiêu hóa,Vitamin,459091
PRD0283,Vitamin B12 tiêm,Dược phẩm,509884
PRD0284,Siro ho cho chó,Dược phẩm,608300
PRD0285,Siro ho cho chó,Dược phẩm,857066
PRD0286,Bàn chải đánh răng,Thiết bị y tế,995264
PRD0287,Ngoạm cắt móng,Thiết bị y tế,877012
PRD0288,Thức ăn Tây Ban Nha,Thức ăn,689607
PRD0289,Thức ăn mèo cao cấp,Thức ăn,291378
PRD0290,Kem chữa ghề,Dược phẩm,310276
PRD0291,Probiotic tiêu hóa,Vitamin,272684
PRD0292,Dây xích chó,Phụ kiện,987186
PRD0293,Bóng cao su,Đồ chơi,75059
PRD0294,Nhiệt kế điện tử,Thiết bị y tế,838195
PRD0295,Kem chữa ghề,Dược phẩm,56765
PRD0296,Canxi cho chó già,Vitamin,205672
PRD0297,Dầu gội lông bóng,Chăm sóc da,812071
PRD0298,Thức ăn chó hạt khô Premium,Thức ăn,29159
PRD0299,Giường nằm cho mèo,Phụ kiện,520030
PRD0300,Probiotic tiêu hóa,Vitamin,746201
PRD0301,Lồng chim,Phụ kiện,457012
PRD0302,Kem chữa ghề,Dược phẩm,110759
PRD0303,Thức ăn thỏ hữu cơ,Thức ăn,553304
PRD0304,Glucosamine cho khớp,Vitamin,563357
PRD0305,Vòng cổ chó thông minh,Phụ kiện,260509
PRD0306,Nhiệt kế điện tử,Thiết bị y tế,953964
PRD0307,Thức ăn chó hạt khô Premium,Thức ăn,21099
PRD0308,Sữa tắm chuyên dùng,Chăm sóc da,364937
PRD0309,Chuông leng keng,Đồ chơi,861127
PRD0310,Canxi cho chó già,Vitamin,389151
PRD0311,Xịt khử mùi,Chăm sóc da,461828
PRD0312,Tunnel chơi thỏ,Đồ chơi,874469
PRD0313,Kem mềm da,Chăm sóc da,404914
PRD0314,Thức ăn thỏ hữu cơ,Thức ăn,104734
PRD0315,Thức ăn chó Poodle,Thức ăn,997861
PRD0316,Vòng cổ chó thông minh,Phụ kiện,935015
PRD0317,Sữa tắm chuyên dùng,Chăm sóc da,968775
PRD0318,Thức ăn thỏ hữu cơ,Thức ăn,507646
PRD0319,Vitamin B12 tiêm,Dược phẩm,467470
PRD0320,Dầu gội lông bóng,Chăm sóc da,987014
PRD0321,Vitamin B12 tiêm,Dược phẩm,472461
PRD0322,Dây xích chó,Phụ kiện,339495
PRD0323,Dầu cá tốt cho lông,Vitamin,31394
PRD0324,Kem chữa ghề,Dược phẩm,807680
PRD0325,Kem chống côn trùng,Chăm sóc da,934308
PRD0326,Siro ho cho chó,Dược phẩm,977967
PRD0327,Vitamin C dạng bột,Vitamin,959946
PRD0328,Kem chữa ghề,Dược phẩm,325471
PRD0329,Ngoạm cắt móng,Thiết bị y tế,662168
PRD0330,Cây mèo 3 tầng,Đồ chơi,716273
PRD0331,Thức ăn chó hạt khô Premium,Thức ăn,793768
PRD0332,Bóng cao su,Đồ chơi,143911
PRD0333,Chuông leng keng,Đồ chơi,773781
PRD0334,Thức ăn Tây Ban Nha,Thức ăn,786800
PRD0335,Vitamin C dạng bột,Vitamin,269140
PRD0336,Probiotic tiêu hóa,Vitamin,437428
PRD0337,Ký sinh trùng detector,Thiết bị y tế,205975
PRD0338,Vòng cổ chó thông minh,Phụ kiện,316089
PRD0339,Sữa tắm chuyên dùng,Chăm sóc da,65535
PRD0340,Xịt khử mùi,Chăm sóc da,273952
PRD0341,Máy hút bụi lông,Thiết bị y tế,267515
PRD0342,Dây xích chó,Phụ kiện,257295
PRD0343,Máy hút bụi lông,Thiết bị y tế,356358
PRD0344,Kem chống côn trùng,Chăm sóc da,251567
PRD0345,Lồng chim,Phụ kiện,798795
PRD0346,Kem mềm da,Chăm sóc da,32639
PRD0347,Ngoạm cắt móng,Thiết bị y tế,867974
PRD0348,Chuông leng keng,Đồ chơi,168571
PRD0349,Máy hút bụi lông,Thiết bị y tế,107344
PRD0350,Probiotic tiêu hóa,Vitamin,185310
PRD0351,Cát lót thỏ,Phụ kiện,28118
PRD0352,Thức ăn thỏ hữu cơ,Thức ăn,757327
PRD0353,Thức ăn Tây Ban Nha,Thức ăn,637470
PRD0354,Kem chống côn trùng,Chăm sóc da,895145
PRD0355,Ký sinh trùng detector,Thiết bị y tế,84528
PRD0356,Bàn chải đánh răng,Thiết bị y tế,136730
PRD0357,Nhiệt kế điện tử,Thiết bị y tế,484037
PRD0358,Thức ăn mèo cao cấp,Thức ăn,275569
PRD0359,Thức ăn thỏ hữu cơ,Thức ăn,226114
PRD0360,Thức ăn chó Poodle,Thức ăn,887468
PRD0361,Máy hút bụi lông,Thiết bị y tế,435052
PRD0362,Chuông leng keng,Đồ chơi,939471
PRD0363,Nhiệt kế điện tử,Thiết bị y tế,191807
PRD0364,Nhiệt kế điện tử,Thiết bị y tế,646934
PRD0365,Thức ăn chó hạt khô Premium,Thức ăn,926275
PRD0366,Thuốc tẩy giun,Dược phẩm,223358
PRD0367,Thuốc tẩy giun,Dược phẩm,985818
PRD0368,Ký sinh trùng detector,Thiết bị y tế,304258
PRD0369,Glucosamine cho khớp,Vitamin,51043
PRD0370,Giường nằm cho mèo,Phụ kiện,642496
PRD0371,Dây kéo vải,Đồ chơi,214844
PRD0372,Cát lót thỏ,Phụ kiện,762397
PRD0373,Kháng sinh dạng bột,Dược phẩm,639389
PRD0374,Bàn chải đánh răng,Thiết bị y tế,424967
PRD0375,Dây xích chó,Phụ kiện,408712
PRD0376,Probiotic tiêu hóa,Vitamin,912131
PRD0377,Thức ăn Tây Ban Nha,Thức ăn,876265
PRD0378,Máy hút bụi lông,Thiết bị y tế,884956
PRD0379,Bàn chải đánh răng,Thiết bị y tế,503206
PRD0380,Dầu gội lông bóng,Chăm sóc da,170760
PRD0381,Ngoạm cắt móng,Thiết bị y tế,87603
PRD0382,Thuốc tẩy giun,Dược phẩm,892833
PRD0383,Dây kéo vải,Đồ chơi,874507
PRD0384,Máy hút bụi lông,Thiết bị y tế,994828
PRD0385,Bóng cao su,Đồ chơi,499829
PRD0386,Chuông leng keng,Đồ chơi,544299
PRD0387,Thức ăn mèo cao cấp,Thức ăn,456887
PRD0388,Dây kéo vải,Đồ chơi,226134
PRD0389,Máy hút bụi lông,Thiết bị y tế,85312
PRD0390,Bóng cao su,Đồ chơi,839368
PRD0391,Xịt khử mùi,Chăm sóc da,968623
PRD0392,Thuốc tẩy giun,Dược phẩm,195995
PRD0393,Kem chữa ghề,Dược phẩm,108939
PRD0394,Kem mềm da,Chăm sóc da,280461
PRD0395,Kem mềm da,Chăm sóc da,513539
PRD0396,Canxi cho chó già,Vitamin,204710
PRD0397,Kem chống côn trùng,Chăm sóc da,736853
PRD0398,Xịt khử mùi,Chăm sóc da,961325
PRD0399,Kem mềm da,Chăm sóc da,271640
PRD0400,Bóng cao su,Đồ chơi,32866
PRD0401,Cát lót thỏ,Phụ kiện,479491
PRD0402,Nhiệt kế điện tử,Thiết bị y tế,967039
PRD0403,Bóng cao su,Đồ chơi,609222
PRD0404,Sữa tắm chuyên dùng,Chăm sóc da,891365
PRD0405,Bóng cao su,Đồ chơi,89594
PRD0406,Lồng chim,Phụ kiện,103513
PRD0407,Xịt khử mùi,Chăm sóc da,346195
PRD0408,Lồng chim,Phụ kiện,767429
PRD0409,Sữa tắm chuyên dùng,Chăm sóc da,826338
PRD0410,Thức ăn mèo cao cấp,Thức ăn,425675
PRD0411,Vitamin B12 tiêm,Dược phẩm,856009
PRD0412,Vitamin C dạng bột,Vitamin,232539
PRD0413,Glucosamine cho khớp,Vitamin,42486
PRD0414,Kem chống côn trùng,Chăm sóc da,396962
PRD0415,Lồng chim,Phụ kiện,653225
PRD0416,Thức ăn thỏ hữu cơ,Thức ăn,923751
PRD0417,Thức ăn chó hạt khô Premium,Thức ăn,907163
PRD0418,Sữa tắm chuyên dùng,Chăm sóc da,186681
PRD0419,Vitamin B12 tiêm,Dược phẩm,449415
PRD0420,Thuốc tẩy giun,Dược phẩm,385020
PRD0421,Xịt khử mùi,Chăm sóc da,87825
PRD0422,Kem mềm da,Chăm sóc da,272968
PRD0423,Xịt khử mùi,Chăm sóc da,965309
PRD0424,Kem chữa ghề,Dược phẩm,439172
PRD0425,Thức ăn mèo cao cấp,Thức ăn,159567
PRD0426,Dây kéo vải,Đồ chơi,771164
PRD0427,Bàn chải đánh răng,Thiết bị y tế,561986
PRD0428,Chuông leng keng,Đồ chơi,384328
PRD0429,Dây xích chó,Phụ kiện,264491
PRD0430,Thức ăn chó Poodle,Thức ăn,94381
PRD0431,Vitamin C dạng bột,Vitamin,549396
PRD0432,Ký sinh trùng detector,Thiết bị y tế,658397
PRD0433,Bàn chải đánh răng,Thiết bị y tế,786697
PRD0434,Cát lót thỏ,Phụ kiện,985792
PRD0435,Thức ăn chó Poodle,Thức ăn,261315
PRD0436,Cát lót thỏ,Phụ kiện,933131
PRD0437,Kháng sinh dạng bột,Dược phẩm,68283
PRD0438,Kem chống côn trùng,Chăm sóc da,243831
PRD0439,Ngoạm cắt móng,Thiết bị y tế,472064
PRD0440,Vòng cổ chó thông minh,Phụ kiện,431998
PRD0441,Dây xích chó,Phụ kiện,53237
PRD0442,Nhiệt kế điện tử,Thiết bị y tế,739937
PRD0443,Bàn chải đánh răng,Thiết bị y tế,342484
PRD0444,Thức ăn thỏ hữu cơ,Thức ăn,851845
PRD0445,Kháng sinh dạng bột,Dược phẩm,858399
PRD0446,Chuông leng keng,Đồ chơi,135039
PRD0447,Cây mèo 3 tầng,Đồ chơi,131719
PRD0448,Vitamin B12 tiêm,Dược phẩm,703254
PRD0449,Dầu cá tốt cho lông,Vitamin,331373
PRD0450,Cát lót thỏ,Phụ kiện,657798
PRD0451,Kem chống côn trùng,Chăm sóc da,735922
PRD0452,Ký sinh trùng detector,Thiết bị y tế,637896
PRD0453,Bàn chải đánh răng,Thiết bị y tế,894653
PRD0454,Kháng sinh dạng bột,Dược phẩm,470173
PRD0455,Canxi cho chó già,Vitamin,498152
PRD0456,Thuốc tẩy giun,Dược phẩm,360089
PRD0457,Vòng cổ chó thông minh,Phụ kiện,740797
PRD0458,Vòng cổ chó thông minh,Phụ kiện,82091
PRD0459,Kháng sinh dạng bột,Dược phẩm,21280
PRD0460,Kem mềm da,Chăm sóc da,772841
PRD0461,Dây kéo vải,Đồ chơi,367095
PRD0462,Thức ăn chó hạt khô Premium,Thức ăn,23116
PRD0463,Dây kéo vải,Đồ chơi,187764
PRD0464,Sữa tắm chuyên dùng,Chăm sóc da,486673
PRD0465,Dầu gội lông bóng,Chăm sóc da,229806
PRD0466,Ngoạm cắt móng,Thiết bị y tế,557283
PRD0467,Vòng cổ chó thông minh,Phụ kiện,814306
PRD0468,Lồng chim,Phụ kiện,784937
PRD0469,Chuông leng keng,Đồ chơi,738725
PRD0470,Thức ăn chó hạt khô Premium,Thức ăn,21966
PRD0471,Lồng chim,Phụ kiện,450067
PRD0472,Vitamin C dạng bột,Vitamin,224383
PRD0473,Cát lót thỏ,Phụ kiện,471698
PRD0474,Glucosamine cho khớp,Vitamin,826814
PRD0475,Cát lót thỏ,Phụ kiện,39308
PRD0476,Siro ho cho chó,Dược phẩm,693458
PRD0477,Nhiệt kế điện tử,Thiết bị y tế,836758
PRD0478,Thức ăn mèo cao cấp,Thức ăn,879248
PRD0479,Thức ăn thỏ hữu cơ,Thức ăn,500151
PRD0480,Thức ăn chó hạt khô Premium,Thức ăn,909333
PRD0481,Siro ho cho chó,Dược phẩm,205486
PRD0482,Ký sinh trùng detector,Thiết bị y tế,415638
PRD0483,Vitamin C dạng bột,Vitamin,458807
PRD0484,Kem chống côn trùng,Chăm sóc da,463668
PRD0485,Dầu gội lông bóng,Chăm sóc da,486589
PRD0486,Thuốc tẩy giun,Dược phẩm,777036
PRD0487,Dầu gội lông bóng,Chăm sóc da,543883
PRD0488,Thức ăn Tây Ban Nha,Thức ăn,762539
PRD0489,Dầu cá tốt cho lông,Vitamin,701217
PRD0490,Dây xích chó,Phụ kiện,374589
PRD0491,Ngoạm cắt móng,Thiết bị y tế,22901
PRD0492,Kem mềm da,Chăm sóc da,54346
PRD0493,Thức ăn mèo cao cấp,Thức ăn,276751
PRD0494,Dầu cá tốt cho lông,Vitamin,766472
PRD0495,Bàn chải đánh răng,Thiết bị y tế,572109
PRD0496,Bàn chải đánh răng,Thiết bị y tế,119010
PRD0497,Probiotic tiêu hóa,Vitamin,167323
PRD0498,Thức ăn chó Poodle,Thức ăn,347902
PRD0499,Vitamin C dạng bột,Vitamin,682111
PRD0500,Kem chống côn trùng,Chăm sóc da,85189
PRD0501,Dầu cá tốt cho lông,Vitamin,992430
PRD0502,Cát lót thỏ,Phụ kiện,451573
PRD0503,Ngoạm cắt móng,Thiết bị y tế,976820
PRD0504,Giường nằm cho mèo,Phụ kiện,981290
PRD0505,Bóng cao su,Đồ chơi,355510
PRD0506,Ký sinh trùng detector,Thiết bị y tế,661889
PRD0507,Bóng cao su,Đồ chơi,262755
PRD0508,Bàn chải đánh răng,Thiết bị y tế,452647
PRD0509,Kem chữa ghề,Dược phẩm,171037
PRD0510,Dầu gội lông bóng,Chăm sóc da,976195
PRD0511,Kem chữa ghề,Dược phẩm,342722
PRD0512,Kem mềm da,Chăm sóc da,995624
PRD0513,Thức ăn chó Poodle,Thức ăn,954539
PRD0514,Máy hút bụi lông,Thiết bị y tế,121914
PRD0515,Sữa tắm chuyên dùng,Chăm sóc da,824221
PRD0516,Ngoạm cắt móng,Thiết bị y tế,419377
PRD0517,Thức ăn chó hạt khô Premium,Thức ăn,351763
PRD0518,Lồng chim,Phụ kiện,102472
PRD0519,Dây xích chó,Phụ kiện,302467
PRD0520,Kem mềm da,Chăm sóc da,873737
PRD0521,Kem mềm da,Chăm sóc da,802604
PRD0522,Ký sinh trùng detector,Thiết bị y tế,803185
PRD0523,Máy hút bụi lông,Thiết bị y tế,798312
PRD0524,Máy hút bụi lông,Thiết bị y tế,322712
PRD0525,Dây kéo vải,Đồ chơi,754705
PRD0526,Sữa tắm chuyên dùng,Chăm sóc da,700223
PRD0527,Lồng chim,Phụ kiện,778558
PRD0528,Thức ăn chó hạt khô Premium,Thức ăn,832056
PRD0529,Vòng cổ chó thông minh,Phụ kiện,617096
PRD0530,Cây mèo 3 tầng,Đồ chơi,725602
PRD0531,Dây xích chó,Phụ kiện,741300
PRD0532,Kem chữa ghề,Dược phẩm,971253
PRD0533,Canxi cho chó già,Vitamin,935850
PRD0534,Vòng cổ chó thông minh,Phụ kiện,620213
PRD0535,Kem chữa ghề,Dược phẩm,693720
PRD0536,Ký sinh trùng detector,Thiết bị y tế,112868
PRD0537,Thức ăn thỏ hữu cơ,Thức ăn,209735
PRD0538,Vitamin C dạng bột,Vitamin,733219
PRD0539,Giường nằm cho mèo,Phụ kiện,801135
PRD0540,Vitamin C dạng bột,Vitamin,162134
PRD0541,Glucosamine cho khớp,Vitamin,131128
PRD0542,Kem mềm da,Chăm sóc da,724425
PRD0543,Kem chữa ghề,Dược phẩm,865831
PRD0544,Chuông leng keng,Đồ chơi,305353
PRD0545,Tunnel chơi thỏ,Đồ chơi,802176
PRD0546,Chuông leng keng,Đồ chơi,955962
PRD0547,Dây xích chó,Phụ kiện,449943
PRD0548,Probiotic tiêu hóa,Vitamin,387278
PRD0549,Vitamin C dạng bột,Vitamin,625699
PRD0550,Thức ăn Tây Ban Nha,Thức ăn,656845
PRD0551,Dây kéo vải,Đồ chơi,616584
PRD0552,Kháng sinh dạng bột,Dược phẩm,177314
PRD0553,Lồng chim,Phụ kiện,599420
PRD0554,Vitamin C dạng bột,Vitamin,656657
PRD0555,Giường nằm cho mèo,Phụ kiện,245734
PRD0556,Cát lót thỏ,Phụ kiện,61450
PRD0557,Siro ho cho chó,Dược phẩm,763888
PRD0558,Máy hút bụi lông,Thiết bị y tế,868512
PRD0559,Dây xích chó,Phụ kiện,86944
PRD0560,Vitamin B12 tiêm,Dược phẩm,61620
PRD0561,Vitamin C dạng bột,Vitamin,466608
PRD0562,Thức ăn Tây Ban Nha,Thức ăn,492807
PRD0563,Thức ăn mèo cao cấp,Thức ăn,402354
PRD0564,Vitamin C dạng bột,Vitamin,607674
PRD0565,Kem chống côn trùng,Chăm sóc da,223773
PRD0566,Bàn chải đánh răng,Thiết bị y tế,348120
PRD0567,Dầu cá tốt cho lông,Vitamin,930202
PRD0568,Siro ho cho chó,Dược phẩm,525245
PRD0569,Dây kéo vải,Đồ chơi,928763
PRD0570,Glucosamine cho khớp,Vitamin,411995
PRD0571,Tunnel chơi thỏ,Đồ chơi,448716
PRD0572,Sữa tắm chuyên dùng,Chăm sóc da,306291
PRD0573,Thức ăn chó hạt khô Premium,Thức ăn,571327
PRD0574,Thức ăn thỏ hữu cơ,Thức ăn,654066
PRD0575,Kháng sinh dạng bột,Dược phẩm,632609
PRD0576,Kem mềm da,Chăm sóc da,396343
PRD0577,Ngoạm cắt móng,Thiết bị y tế,722498
PRD0578,Dầu cá tốt cho lông,Vitamin,895276
PRD0579,Kem chữa ghề,Dược phẩm,947812
PRD0580,Bàn chải đánh răng,Thiết bị y tế,523909
PRD0581,Probiotic tiêu hóa,Vitamin,545657
PRD0582,Thức ăn Tây Ban Nha,Thức ăn,314662
PRD0583,Ký sinh trùng detector,Thiết bị y tế,696685
PRD0584,Kem chống côn trùng,Chăm sóc da,517104
PRD0585,Thức ăn thỏ hữu cơ,Thức ăn,367077
PRD0586,Cây mèo 3 tầng,Đồ chơi,530660
PRD0587,Dây xích chó,Phụ kiện,232586
PRD0588,Dây xích chó,Phụ kiện,784323
PRD0589,Cây mèo 3 tầng,Đồ chơi,863387
PRD0590,Chuông leng keng,Đồ chơi,271287
PRD0591,Siro ho cho chó,Dược phẩm,721203
PRD0592,Thức ăn mèo cao cấp,Thức ăn,642508
PRD0593,Ký sinh trùng detector,Thiết bị y tế,884638
PRD0594,Ngoạm cắt móng,Thiết bị y tế,686776
PRD0595,Dầu cá tốt cho lông,Vitamin,109999
PRD0596,Probiotic tiêu hóa,Vitamin,626288
PRD0597,Bàn chải đánh răng,Thiết bị y tế,432950
PRD0598,Dây xích chó,Phụ kiện,382192
PRD0599,Vòng cổ chó thông minh,Phụ kiện,77036
PRD0600,Kem chữa ghề,Dược phẩm,96069
PRD0601,Dầu cá tốt cho lông,Vitamin,64721
PRD0602,Vitamin C dạng bột,Vitamin,287667
PRD0603,Chuông leng keng,Đồ chơi,416953
PRD0604,Cây mèo 3 tầng,Đồ chơi,52514
PRD0605,Canxi cho chó già,Vitamin,569111
PRD0606,Ngoạm cắt móng,Thiết bị y tế,826728
PRD0607,Bàn chải đánh răng,Thiết bị y tế,683374
PRD0608,Thức ăn chó Poodle,Thức ăn,471360
PRD0609,Tunnel chơi thỏ,Đồ chơi,681934
PRD0610,Vitamin C dạng bột,Vitamin,246286
PRD0611,Cát lót thỏ,Phụ kiện,765668
PRD0612,Giường nằm cho mèo,Phụ kiện,513248
PRD0613,Siro ho cho chó,Dược phẩm,660696
PRD0614,Ký sinh trùng detector,Thiết bị y tế,473869
PRD0615,Dây kéo vải,Đồ chơi,369562
PRD0616,Probiotic tiêu hóa,Vitamin,793547
PRD0617,Thức ăn chó Poodle,Thức ăn,793630
PRD0618,Thức ăn chó hạt khô Premium,Thức ăn,440421
PRD0619,Kem chống côn trùng,Chăm sóc da,846653
PRD0620,Kem mềm da,Chăm sóc da,300329
PRD0621,Sữa tắm chuyên dùng,Chăm sóc da,766391
PRD0622,Kem chữa ghề,Dược phẩm,250946
PRD0623,Sữa tắm chuyên dùng,Chăm sóc da,768500
PRD0624,Kháng sinh dạng bột,Dược phẩm,140303
PRD0625,Sữa tắm chuyên dùng,Chăm sóc da,877839
PRD0626,Cây mèo 3 tầng,Đồ chơi,919988
PRD0627,Dầu cá tốt cho lông,Vitamin,48045
PRD0628,Giường nằm cho mèo,Phụ kiện,606728
PRD0629,Thức ăn mèo cao cấp,Thức ăn,604706
PRD0630,Canxi cho chó già,Vitamin,561364
PRD0631,Cát lót thỏ,Phụ kiện,706612
PRD0632,Xịt khử mùi,Chăm sóc da,417175
PRD0633,Giường nằm cho mèo,Phụ kiện,311032
PRD0634,Thức ăn chó hạt khô Premium,Thức ăn,511712
PRD0635,Dầu gội lông bóng,Chăm sóc da,659464
PRD0636,Vitamin C dạng bột,Vitamin,865606
PRD0637,Xịt khử mùi,Chăm sóc da,110910
PRD0638,Vitamin B12 tiêm,Dược phẩm,539784
PRD0639,Bàn chải đánh răng,Thiết bị y tế,178218
PRD0640,Kem chống côn trùng,Chăm sóc da,515257
PRD0641,Ký sinh trùng detector,Thiết bị y tế,942560
PRD0642,Giường nằm cho mèo,Phụ kiện,923335
PRD0643,Cát lót thỏ,Phụ kiện,620648
PRD0644,Xịt khử mùi,Chăm sóc da,507598
PRD0645,Sữa tắm chuyên dùng,Chăm sóc da,409025
PRD0646,Giường nằm cho mèo,Phụ kiện,509809
PRD0647,Cây mèo 3 tầng,Đồ chơi,537008
PRD0648,Bóng cao su,Đồ chơi,69839
PRD0649,Chuông leng keng,Đồ chơi,684901
PRD0650,Vitamin B12 tiêm,Dược phẩm,939296
PRD0651,Ký sinh trùng detector,Thiết bị y tế,333767
PRD0652,Thuốc tẩy giun,Dược phẩm,360520
PRD0653,Kem mềm da,Chăm sóc da,673667
PRD0654,Máy hút bụi lông,Thiết bị y tế,638289
PRD0655,Ký sinh trùng detector,Thiết bị y tế,237383
PRD0656,Thức ăn thỏ hữu cơ,Thức ăn,643875
PRD0657,Thức ăn mèo cao cấp,Thức ăn,245385
PRD0658,Kháng sinh dạng bột,Dược phẩm,515595
PRD0659,Máy hút bụi lông,Thiết bị y tế,687929
PRD0660,Ký sinh trùng detector,Thiết bị y tế,330493
PRD0661,Dây xích chó,Phụ kiện,316923
PRD0662,Kem mềm da,Chăm sóc da,407633
PRD0663,Thức ăn mèo cao cấp,Thức ăn,142628
PRD0664,Siro ho cho chó,Dược phẩm,621840
PRD0665,Thuốc tẩy giun,Dược phẩm,986943
PRD0666,Ký sinh trùng detector,Thiết bị y tế,593080
PRD0667,Bóng cao su,Đồ chơi,720165
PRD0668,Glucosamine cho khớp,Vitamin,619147
PRD0669,Xịt khử mùi,Chăm sóc da,980490
PRD0670,Nhiệt kế điện tử,Thiết bị y tế,887067
PRD0671,Vòng cổ chó thông minh,Phụ kiện,111144
PRD0672,Ký sinh trùng detector,Thiết bị y tế,141995
PRD0673,Dây kéo vải,Đồ chơi,766984
PRD0674,Vitamin B12 tiêm,Dược phẩm,53925
PRD0675,Thức ăn chó hạt khô Premium,Thức ăn,750540
PRD0676,Thức ăn chó hạt khô Premium,Thức ăn,390424
PRD0677,Vòng cổ chó thông minh,Phụ kiện,606683
PRD0678,Kem chống côn trùng,Chăm sóc da,284582
PRD0679,Dầu gội lông bóng,Chăm sóc da,883553
PRD0680,Giường nằm cho mèo,Phụ kiện,322502
PRD0681,Siro ho cho chó,Dược phẩm,435310
PRD0682,Sữa tắm chuyên dùng,Chăm sóc da,202633
PRD0683,Siro ho cho chó,Dược phẩm,640271
PRD0684,Nhiệt kế điện tử,Thiết bị y tế,435178
PRD0685,Thức ăn Tây Ban Nha,Thức ăn,190769
PRD0686,Bàn chải đánh răng,Thiết bị y tế,359481
PRD0687,Vitamin C dạng bột,Vitamin,248436
PRD0688,Máy hút bụi lông,Thiết bị y tế,132181
PRD0689,Bàn chải đánh răng,Thiết bị y tế,589614
PRD0690,Thức ăn Tây Ban Nha,Thức ăn,646829
PRD0691,Dây xích chó,Phụ kiện,118663
PRD0692,Siro ho cho chó,Dược phẩm,308965
PRD0693,Máy hút bụi lông,Thiết bị y tế,604100
PRD0694,Vòng cổ chó thông minh,Phụ kiện,606458
PRD0695,Ngoạm cắt móng,Thiết bị y tế,799498
PRD0696,Kem chống côn trùng,Chăm sóc da,615791
PRD0697,Thức ăn Tây Ban Nha,Thức ăn,908644
PRD0698,Thức ăn mèo cao cấp,Thức ăn,217254
PRD0699,Ngoạm cắt móng,Thiết bị y tế,999193
PRD0700,Thức ăn chó Poodle,Thức ăn,354269
PRD0701,Dầu cá tốt cho lông,Vitamin,431950
PRD0702,Glucosamine cho khớp,Vitamin,424217
PRD0703,Kem mềm da,Chăm sóc da,616155
PRD0704,Ký sinh trùng detector,Thiết bị y tế,472783
PRD0705,Canxi cho chó già,Vitamin,243333
PRD0706,Ngoạm cắt móng,Thiết bị y tế,465027
PRD0707,Vitamin B12 tiêm,Dược phẩm,57830
PRD0708,Ngoạm cắt móng,Thiết bị y tế,937912
PRD0709,Dây kéo vải,Đồ chơi,933369
PRD0710,Vitamin C dạng bột,Vitamin,713769
PRD0711,Lồng chim,Phụ kiện,67042
PRD0712,Probiotic tiêu hóa,Vitamin,507053
PRD0713,Kháng sinh dạng bột,Dược phẩm,257760
PRD0714,Thức ăn chó Poodle,Thức ăn,808091
PRD0715,Kem mềm da,Chăm sóc da,798856
PRD0716,Giường nằm cho mèo,Phụ kiện,28052
PRD0717,Cây mèo 3 tầng,Đồ chơi,716839
PRD0718,Thuốc tẩy giun,Dược phẩm,532970
PRD0719,Bóng cao su,Đồ chơi,150906
PRD0720,Giường nằm cho mèo,Phụ kiện,565679
PRD0721,Kem chống côn trùng,Chăm sóc da,242256
PRD0722,Vitamin B12 tiêm,Dược phẩm,607106
PRD0723,Kem chống côn trùng,Chăm sóc da,759357
PRD0724,Ký sinh trùng detector,Thiết bị y tế,217677
PRD0725,Bóng cao su,Đồ chơi,683439
PRD0726,Tunnel chơi thỏ,Đồ chơi,587289
PRD0727,Dầu gội lông bóng,Chăm sóc da,919208
PRD0728,Dầu cá tốt cho lông,Vitamin,120071
PRD0729,Thức ăn chó Poodle,Thức ăn,390019
PRD0730,Cát lót thỏ,Phụ kiện,103507
PRD0731,Canxi cho chó già,Vitamin,353539
PRD0732,Canxi cho chó già,Vitamin,556462
PRD0733,Dây xích chó,Phụ kiện,398045
PRD0734,Cát lót thỏ,Phụ kiện,501615
PRD0735,Nhiệt kế điện tử,Thiết bị y tế,294810
PRD0736,Bàn chải đánh răng,Thiết bị y tế,683240
PRD0737,Thức ăn mèo cao cấp,Thức ăn,345271
PRD0738,Giường nằm cho mèo,Phụ kiện,76907
PRD0739,Bóng cao su,Đồ chơi,786939
PRD0740,Giường nằm cho mèo,Phụ kiện,56020
PRD0741,Ký sinh trùng detector,Thiết bị y tế,572491
PRD0742,Thức ăn chó Poodle,Thức ăn,128338
PRD0743,Nhiệt kế điện tử,Thiết bị y tế,451557
PRD0744,Dây xích chó,Phụ kiện,133382
PRD0745,Vòng cổ chó thông minh,Phụ kiện,77134
PRD0746,Thức ăn chó Poodle,Thức ăn,821301
PRD0747,Nhiệt kế điện tử,Thiết bị y tế,392563
PRD0748,Cát lót thỏ,Phụ kiện,997556
PRD0749,Ngoạm cắt móng,Thiết bị y tế,660748
PRD0750,Vitamin B12 tiêm,Dược phẩm,269394
PRD0751,Thức ăn chó Poodle,Thức ăn,221241
PRD0752,Máy hút bụi lông,Thiết bị y tế,360135
PRD0753,Xịt khử mùi,Chăm sóc da,357340
PRD0754,Bàn chải đánh răng,Thiết bị y tế,746330
PRD0755,Tunnel chơi thỏ,Đồ chơi,738707
PRD0756,Kem chữa ghề,Dược phẩm,477395
PRD0757,Thức ăn chó hạt khô Premium,Thức ăn,497165
PRD0758,Thức ăn thỏ hữu cơ,Thức ăn,750902
PRD0759,Kem chống côn trùng,Chăm sóc da,634015
PRD0760,Vitamin C dạng bột,Vitamin,790995
PRD0761,Giường nằm cho mèo,Phụ kiện,236884
PRD0762,Vòng cổ chó thông minh,Phụ kiện,729156
PRD0763,Sữa tắm chuyên dùng,Chăm sóc da,126361
PRD0764,Dầu cá tốt cho lông,Vitamin,452976
PRD0765,Thức ăn Tây Ban Nha,Thức ăn,288657
PRD0766,Kem chống côn trùng,Chăm sóc da,753709
PRD0767,Kem mềm da,Chăm sóc da,705604
PRD0768,Nhiệt kế điện tử,Thiết bị y tế,975578
PRD0769,Nhiệt kế điện tử,Thiết bị y tế,26626
PRD0770,Máy hút bụi lông,Thiết bị y tế,330771
PRD0771,Cát lót thỏ,Phụ kiện,560179
PRD0772,Thức ăn mèo cao cấp,Thức ăn,795568
PRD0773,Ký sinh trùng detector,Thiết bị y tế,573564
PRD0774,Dầu cá tốt cho lông,Vitamin,565827
PRD0775,Nhiệt kế điện tử,Thiết bị y tế,383332
PRD0776,Tunnel chơi thỏ,Đồ chơi,606296
PRD0777,Kem mềm da,Chăm sóc da,900426
PRD0778,Ngoạm cắt móng,Thiết bị y tế,554040
PRD0779,Giường nằm cho mèo,Phụ kiện,435714
PRD0780,Dây xích chó,Phụ kiện,148039
PRD0781,Vitamin C dạng bột,Vitamin,670067
PRD0782,Vitamin B12 tiêm,Dược phẩm,601068
PRD0783,Kem chống côn trùng,Chăm sóc da,126413
PRD0784,Bóng cao su,Đồ chơi,194063
PRD0785,Canxi cho chó già,Vitamin,293691
PRD0786,Cát lót thỏ,Phụ kiện,689876
PRD0787,Dầu cá tốt cho lông,Vitamin,425141
PRD0788,Ký sinh trùng detector,Thiết bị y tế,959687
PRD0789,Kháng sinh dạng bột,Dược phẩm,877950
PRD0790,Kem mềm da,Chăm sóc da,723646
PRD0791,Dây kéo vải,Đồ chơi,132644
PRD0792,Thức ăn chó hạt khô Premium,Thức ăn,545575
PRD0793,Vitamin B12 tiêm,Dược phẩm,254913
PRD0794,Dây xích chó,Phụ kiện,368902
PRD0795,Siro ho cho chó,Dược phẩm,509581
PRD0796,Vòng cổ chó thông minh,Phụ kiện,31652
PRD0797,Probiotic tiêu hóa,Vitamin,441760
PRD0798,Vitamin B12 tiêm,Dược phẩm,881927
PRD0799,Xịt khử mùi,Chăm sóc da,440466
PRD0800,Chuông leng keng,Đồ chơi,910475
PRD0801,Thức ăn Tây Ban Nha,Thức ăn,420949
PRD0802,Xịt khử mùi,Chăm sóc da,685496
PRD0803,Bóng cao su,Đồ chơi,209756
PRD0804,Thức ăn chó hạt khô Premium,Thức ăn,93821
PRD0805,Tunnel chơi thỏ,Đồ chơi,481349
PRD0806,Probiotic tiêu hóa,Vitamin,393918
PRD0807,Chuông leng keng,Đồ chơi,640515
PRD0808,Vitamin C dạng bột,Vitamin,747639
PRD0809,Glucosamine cho khớp,Vitamin,334268
PRD0810,Vitamin C dạng bột,Vitamin,567286
PRD0811,Kháng sinh dạng bột,Dược phẩm,176754
PRD0812,Thức ăn Tây Ban Nha,Thức ăn,816160
PRD0813,Ký sinh trùng detector,Thiết bị y tế,146086
PRD0814,Thức ăn chó hạt khô Premium,Thức ăn,826530
PRD0815,Ký sinh trùng detector,Thiết bị y tế,65645
PRD0816,Thức ăn chó Poodle,Thức ăn,635697
PRD0817,Giường nằm cho mèo,Phụ kiện,615212
PRD0818,Thức ăn Tây Ban Nha,Thức ăn,66425
PRD0819,Ngoạm cắt móng,Thiết bị y tế,687119
PRD0820,Dầu gội lông bóng,Chăm sóc da,619161
PRD0821,Vitamin C dạng bột,Vitamin,609334
PRD0822,Máy hút bụi lông,Thiết bị y tế,40222
PRD0823,Vitamin B12 tiêm,Dược phẩm,815879
PRD0824,Thuốc tẩy giun,Dược phẩm,65727
PRD0825,Thức ăn chó hạt khô Premium,Thức ăn,869048
PRD0826,Dây kéo vải,Đồ chơi,827108
PRD0827,Chuông leng keng,Đồ chơi,809228
PRD0828,Sữa tắm chuyên dùng,Chăm sóc da,79054
PRD0829,Probiotic tiêu hóa,Vitamin,481058
PRD0830,Kem chữa ghề,Dược phẩm,348181
PRD0831,Vitamin C dạng bột,Vitamin,127808
PRD0832,Ký sinh trùng detector,Thiết bị y tế,128902
PRD0833,Vitamin C dạng bột,Vitamin,979316
PRD0834,Dây kéo vải,Đồ chơi,865003
PRD0835,Sữa tắm chuyên dùng,Chăm sóc da,99085
PRD0836,Vitamin C dạng bột,Vitamin,614892
PRD0837,Nhiệt kế điện tử,Thiết bị y tế,361485
PRD0838,Kem chống côn trùng,Chăm sóc da,897179
PRD0839,Vitamin B12 tiêm,Dược phẩm,463889
PRD0840,Glucosamine cho khớp,Vitamin,175929
PRD0841,Thức ăn Tây Ban Nha,Thức ăn,269526
PRD0842,Máy hút bụi lông,Thiết bị y tế,875448
PRD0843,Sữa tắm chuyên dùng,Chăm sóc da,360298
PRD0844,Máy hút bụi lông,Thiết bị y tế,504661
PRD0845,Dây kéo vải,Đồ chơi,65596
PRD0846,Ngoạm cắt móng,Thiết bị y tế,451296
PRD0847,Siro ho cho chó,Dược phẩm,299524
PRD0848,Thức ăn chó hạt khô Premium,Thức ăn,45749
PRD0849,Thức ăn chó Poodle,Thức ăn,314611
PRD0850,Thức ăn chó Poodle,Thức ăn,562486
PRD0851,Glucosamine cho khớp,Vitamin,25108
PRD0852,Kháng sinh dạng bột,Dược phẩm,550655
PRD0853,Probiotic tiêu hóa,Vitamin,859115
PRD0854,Tunnel chơi thỏ,Đồ chơi,819282
PRD0855,Canxi cho chó già,Vitamin,245584
PRD0856,Lồng chim,Phụ kiện,68348
PRD0857,Kháng sinh dạng bột,Dược phẩm,467589
PRD0858,Cát lót thỏ,Phụ kiện,166255
PRD0859,Thức ăn chó hạt khô Premium,Thức ăn,335730
PRD0860,Xịt khử mùi,Chăm sóc da,887825
PRD0861,Giường nằm cho mèo,Phụ kiện,501758
PRD0862,Lồng chim,Phụ kiện,806638
PRD0863,Thức ăn Tây Ban Nha,Thức ăn,187213
PRD0864,Ký sinh trùng detector,Thiết bị y tế,901788
PRD0865,Glucosamine cho khớp,Vitamin,319169
PRD0866,Dầu gội lông bóng,Chăm sóc da,729974
PRD0867,Siro ho cho chó,Dược phẩm,604949
PRD0868,Thức ăn mèo cao cấp,Thức ăn,519787
PRD0869,Cát lót thỏ,Phụ kiện,71860
PRD0870,Nhiệt kế điện tử,Thiết bị y tế,166006
PRD0871,Kháng sinh dạng bột,Dược phẩm,759371
PRD0872,Thức ăn chó Poodle,Thức ăn,45811
PRD0873,Kháng sinh dạng bột,Dược phẩm,994278
PRD0874,Sữa tắm chuyên dùng,Chăm sóc da,51342
PRD0875,Chuông leng keng,Đồ chơi,987203
PRD0876,Vitamin C dạng bột,Vitamin,863035
PRD0877,Cây mèo 3 tầng,Đồ chơi,776633
PRD0878,Kem mềm da,Chăm sóc da,539580
PRD0879,Vitamin C dạng bột,Vitamin,520819
PRD0880,Ký sinh trùng detector,Thiết bị y tế,934172
PRD0881,Giường nằm cho mèo,Phụ kiện,431803
PRD0882,Glucosamine cho khớp,Vitamin,759825
PRD0883,Kem chữa ghề,Dược phẩm,353343
PRD0884,Bóng cao su,Đồ chơi,834071
PRD0885,Thức ăn chó hạt khô Premium,Thức ăn,352221
PRD0886,Thuốc tẩy giun,Dược phẩm,758792
PRD0887,Thức ăn chó hạt khô Premium,Thức ăn,37032
PRD0888,Siro ho cho chó,Dược phẩm,848513
PRD0889,Vitamin B12 tiêm,Dược phẩm,464750
PRD0890,Siro ho cho chó,Dược phẩm,32875
PRD0891,Cây mèo 3 tầng,Đồ chơi,337688
PRD0892,Dầu cá tốt cho lông,Vitamin,404442
PRD0893,Vitamin C dạng bột,Vitamin,595868
PRD0894,Ngoạm cắt móng,Thiết bị y tế,541341
PRD0895,Ký sinh trùng detector,Thiết bị y tế,188877
PRD0896,Bóng cao su,Đồ chơi,420683
PRD0897,Dầu cá tốt cho lông,Vitamin,513071
PRD0898,Dầu gội lông bóng,Chăm sóc da,565587
PRD0899,Thức ăn Tây Ban Nha,Thức ăn,484395
PRD0900,Probiotic tiêu hóa,Vitamin,398803
PRD0901,Cây mèo 3 tầng,Đồ chơi,168446
PRD0902,Vitamin C dạng bột,Vitamin,463408
PRD0903,Cây mèo 3 tầng,Đồ chơi,38633
PRD0904,Máy hút bụi lông,Thiết bị y tế,957698
PRD0905,Cát lót thỏ,Phụ kiện,828121
PRD0906,Thuốc tẩy giun,Dược phẩm,91595
PRD0907,Kem chữa ghề,Dược phẩm,792516
PRD0908,Canxi cho chó già,Vitamin,382573
PRD0909,Bóng cao su,Đồ chơi,779032
PRD0910,Ngoạm cắt móng,Thiết bị y tế,238929
PRD0911,Ký sinh trùng detector,Thiết bị y tế,492099
PRD0912,Vitamin C dạng bột,Vitamin,928323
PRD0913,Canxi cho chó già,Vitamin,448176
PRD0914,Dầu gội lông bóng,Chăm sóc da,834441
PRD0915,Tunnel chơi thỏ,Đồ chơi,608766
PRD0916,Kem chống côn trùng,Chăm sóc da,279321
PRD0917,Siro ho cho chó,Dược phẩm,764029
PRD0918,Vòng cổ chó thông minh,Phụ kiện,282457
PRD0919,Vitamin B12 tiêm,Dược phẩm,218853
PRD0920,Siro ho cho chó,Dược phẩm,56108
PRD0921,Kháng sinh dạng bột,Dược phẩm,437998
PRD0922,Thức ăn mèo cao cấp,Thức ăn,839381
PRD0923,Thức ăn thỏ hữu cơ,Thức ăn,210775
PRD0924,Ngoạm cắt móng,Thiết bị y tế,101464
PRD0925,Sữa tắm chuyên dùng,Chăm sóc da,448287
PRD0926,Nhiệt kế điện tử,Thiết bị y tế,801278
PRD0927,Vitamin B12 tiêm,Dược phẩm,615758
PRD0928,Dầu gội lông bóng,Chăm sóc da,744696
PRD0929,Kem chống côn trùng,Chăm sóc da,686312
PRD0930,Kem chữa ghề,Dược phẩm,452611
PRD0931,Bàn chải đánh răng,Thiết bị y tế,883536
PRD0932,Dây kéo vải,Đồ chơi,512730
PRD0933,Vòng cổ chó thông minh,Phụ kiện,755018
PRD0934,Vòng cổ chó thông minh,Phụ kiện,690196
PRD0935,Thuốc tẩy giun,Dược phẩm,200051
PRD0936,Cây mèo 3 tầng,Đồ chơi,725814
PRD0937,Kháng sinh dạng bột,Dược phẩm,837308
PRD0938,Glucosamine cho khớp,Vitamin,315952
PRD0939,Bàn chải đánh răng,Thiết bị y tế,442305
PRD0940,Siro ho cho chó,Dược phẩm,49691
PRD0941,Ký sinh trùng detector,Thiết bị y tế,392376
PRD0942,Bóng cao su,Đồ chơi,517934
PRD0943,Kem chống côn trùng,Chăm sóc da,227444
PRD0944,Dầu gội lông bóng,Chăm sóc da,880022
PRD0945,Thức ăn thỏ hữu cơ,Thức ăn,136356
PRD0946,Siro ho cho chó,Dược phẩm,518782
PRD0947,Giường nằm cho mèo,Phụ kiện,394340
PRD0948,Vòng cổ chó thông minh,Phụ kiện,25733
PRD0949,Bàn chải đánh răng,Thiết bị y tế,411582
PRD0950,Cây mèo 3 tầng,Đồ chơi,813280
PRD0951,Thức ăn Tây Ban Nha,Thức ăn,361455
PRD0952,Lồng chim,Phụ kiện,270926
PRD0953,Dầu gội lông bóng,Chăm sóc da,253704
PRD0954,Dầu cá tốt cho lông,Vitamin,626190
PRD0955,Nhiệt kế điện tử,Thiết bị y tế,939123
PRD0956,Thức ăn chó Poodle,Thức ăn,350861
PRD0957,Dầu gội lông bóng,Chăm sóc da,673444
PRD0958,Canxi cho chó già,Vitamin,505473
PRD0959,Thuốc tẩy giun,Dược phẩm,272054
PRD0960,Thức ăn chó Poodle,Thức ăn,859625
PRD0961,Chuông leng keng,Đồ chơi,133540
PRD0962,Thuốc tẩy giun,Dược phẩm,487522
PRD0963,Ngoạm cắt móng,Thiết bị y tế,737277
PRD0964,Probiotic tiêu hóa,Vitamin,761159
PRD0965,Glucosamine cho khớp,Vitamin,685916
PRD0966,Dây xích chó,Phụ kiện,673433
PRD0967,Dầu gội lông bóng,Chăm sóc da,352615
PRD0968,Vitamin C dạng bột,Vitamin,778068
PRD0969,Cây mèo 3 tầng,Đồ chơi,917264
PRD0970,Sữa tắm chuyên dùng,Chăm sóc da,696490
PRD0971,Xịt khử mùi,Chăm sóc da,400812
PRD0972,Dây xích chó,Phụ kiện,884156
PRD0973,Probiotic tiêu hóa,Vitamin,193171
PRD0974,Cây mèo 3 tầng,Đồ chơi,132819
PRD0975,Thức ăn mèo cao cấp,Thức ăn,954548
PRD0976,Cát lót thỏ,Phụ kiện,291594
PRD0977,Chuông leng keng,Đồ chơi,217051
PRD0978,Vitamin B12 tiêm,Dược phẩm,975744
PRD0979,Nhiệt kế điện tử,Thiết bị y tế,403914
PRD0980,Vitamin B12 tiêm,Dược phẩm,568657
PRD0981,Thức ăn chó Poodle,Thức ăn,165016
PRD0982,Kem chữa ghề,Dược phẩm,47029
PRD0983,Dây kéo vải,Đồ chơi,599396
PRD0984,Dầu cá tốt cho lông,Vitamin,873878
PRD0985,Kháng sinh dạng bột,Dược phẩm,406821
PRD0986,Vòng cổ chó thông minh,Phụ kiện,69688
PRD0987,Kem chống côn trùng,Chăm sóc da,618162
PRD0988,Kem chống côn trùng,Chăm sóc da,709103
PRD0989,Nhiệt kế điện tử,Thiết bị y tế,24775
PRD0990,Cát lót thỏ,Phụ kiện,723908
PRD0991,Dây kéo vải,Đồ chơi,193271
PRD0992,Glucosamine cho khớp,Vitamin,261642
PRD0993,Tunnel chơi thỏ,Đồ chơi,463639
PRD0994,Canxi cho chó già,Vitamin,665093
PRD0995,Dây xích chó,Phụ kiện,424474
PRD0996,Cát lót thỏ,Phụ kiện,719629
PRD0997,Kem chống côn trùng,Chăm sóc da,317417
PRD0998,Cây mèo 3 tầng,Đồ chơi,878307
PRD0999,Canxi cho chó già,Vitamin,291699
PRD1000,Cây mèo 3 tầng,Đồ chơi,725536
PRD1001,Vitamin C dạng bột,Vitamin,91006
PRD1002,Giường nằm cho mèo,Phụ kiện,918255
PRD1003,Xịt khử mùi,Chăm sóc da,806755
PRD1004,Dầu cá tốt cho lông,Vitamin,290238
PRD1005,Dây xích chó,Phụ kiện,139442
PRD1006,Xịt khử mùi,Chăm sóc da,448767
PRD1007,Kem mềm da,Chăm sóc da,520476
PRD1008,Tunnel chơi thỏ,Đồ chơi,646048
PRD1009,Chuông leng keng,Đồ chơi,704209
PRD1010,Chuông leng keng,Đồ chơi,970131
PRD1011,Dầu gội lông bóng,Chăm sóc da,927143
PRD1012,Kem chữa ghề,Dược phẩm,654280
PRD1013,Probiotic tiêu hóa,Vitamin,435475
PRD1014,Canxi cho chó già,Vitamin,429530
PRD1015,Cây mèo 3 tầng,Đồ chơi,75265
PRD1016,Siro ho cho chó,Dược phẩm,831955
PRD1017,Probiotic tiêu hóa,Vitamin,320745
PRD1018,Thức ăn mèo cao cấp,Thức ăn,473095
PRD1019,Thức ăn thỏ hữu cơ,Thức ăn,397437
PRD1020,Vòng cổ chó thông minh,Phụ kiện,390203
PRD1021,Giường nằm cho mèo,Phụ kiện,480077
PRD1022,Dây xích chó,Phụ kiện,760017
PRD1023,Bàn chải đánh răng,Thiết bị y tế,846772
PRD1024,Kháng sinh dạng bột,Dược phẩm,316929
PRD1025,Dây kéo vải,Đồ chơi,268273
PRD1026,Nhiệt kế điện tử,Thiết bị y tế,27652
PRD1027,Thức ăn chó hạt khô Premium,Thức ăn,339899
PRD1028,Ký sinh trùng detector,Thiết bị y tế,201093
PRD1029,Kháng sinh dạng bột,Dược phẩm,823989
PRD1030,Sữa tắm chuyên dùng,Chăm sóc da,496934
PRD1031,Kem mềm da,Chăm sóc da,418663
PRD1032,Kem chữa ghề,Dược phẩm,260932
PRD1033,Vitamin C dạng bột,Vitamin,413624
PRD1034,Sữa tắm chuyên dùng,Chăm sóc da,395527
PRD1035,Nhiệt kế điện tử,Thiết bị y tế,399712
PRD1036,Thức ăn mèo cao cấp,Thức ăn,902943
PRD1037,Dầu gội lông bóng,Chăm sóc da,508976
PRD1038,Canxi cho chó già,Vitamin,314230
PRD1039,Bóng cao su,Đồ chơi,788214
PRD1040,Siro ho cho chó,Dược phẩm,72013
PRD1041,Thức ăn chó hạt khô Premium,Thức ăn,606540
PRD1042,Glucosamine cho khớp,Vitamin,710297
PRD1043,Thức ăn thỏ hữu cơ,Thức ăn,295681
PRD1044,Glucosamine cho khớp,Vitamin,240704
PRD1045,Thuốc tẩy giun,Dược phẩm,394011
PRD1046,Thức ăn Tây Ban Nha,Thức ăn,60372
PRD1047,Lồng chim,Phụ kiện,587689
PRD1048,Kem chống côn trùng,Chăm sóc da,332448
PRD1049,Bóng cao su,Đồ chơi,439719
PRD1050,Dầu cá tốt cho lông,Vitamin,863679
PRD1051,Cát lót thỏ,Phụ kiện,300083
PRD1052,Vitamin B12 tiêm,Dược phẩm,176885
PRD1053,Thức ăn chó Poodle,Thức ăn,955233
PRD1054,Ngoạm cắt móng,Thiết bị y tế,995217
PRD1055,Máy hút bụi lông,Thiết bị y tế,489832
PRD1056,Cát lót thỏ,Phụ kiện,711753
PRD1057,Kem chống côn trùng,Chăm sóc da,398233
PRD1058,Dây kéo vải,Đồ chơi,434552
PRD1059,Kem mềm da,Chăm sóc da,559820
PRD1060,Bàn chải đánh răng,Thiết bị y tế,470982
PRD1061,Bóng cao su,Đồ chơi,135186
PRD1062,Bóng cao su,Đồ chơi,131498
PRD1063,Bàn chải đánh răng,Thiết bị y tế,859939
PRD1064,Vitamin B12 tiêm,Dược phẩm,215014
PRD1065,Chuông leng keng,Đồ chơi,803510
PRD1066,Thức ăn chó hạt khô Premium,Thức ăn,351410
PRD1067,Probiotic tiêu hóa,Vitamin,309123
PRD1068,Thức ăn chó hạt khô Premium,Thức ăn,887782
PRD1069,Siro ho cho chó,Dược phẩm,564114
PRD1070,Kem mềm da,Chăm sóc da,754498
PRD1071,Cây mèo 3 tầng,Đồ chơi,975682
PRD1072,Thức ăn thỏ hữu cơ,Thức ăn,755563
PRD1073,Kem mềm da,Chăm sóc da,123798
PRD1074,Dây kéo vải,Đồ chơi,334850
PRD1075,Thuốc tẩy giun,Dược phẩm,624717
PRD1076,Thức ăn thỏ hữu cơ,Thức ăn,28699
PRD1077,Dầu cá tốt cho lông,Vitamin,790379
PRD1078,Máy hút bụi lông,Thiết bị y tế,567740
PRD1079,Chuông leng keng,Đồ chơi,68005
PRD1080,Cây mèo 3 tầng,Đồ chơi,343572
PRD1081,Ký sinh trùng detector,Thiết bị y tế,455314
PRD1082,Vòng cổ chó thông minh,Phụ kiện,804563
PRD1083,Vitamin B12 tiêm,Dược phẩm,756747
PRD1084,Siro ho cho chó,Dược phẩm,719144
PRD1085,Siro ho cho chó,Dược phẩm,35585
PRD1086,Dầu cá tốt cho lông,Vitamin,314915
PRD1087,Vitamin B12 tiêm,Dược phẩm,340326
PRD1088,Bàn chải đánh răng,Thiết bị y tế,576252
PRD1089,Dây xích chó,Phụ kiện,333594
PRD1090,Kháng sinh dạng bột,Dược phẩm,981140
PRD1091,Giường nằm cho mèo,Phụ kiện,124372
PRD1092,Canxi cho chó già,Vitamin,657289
PRD1093,Sữa tắm chuyên dùng,Chăm sóc da,215112
PRD1094,Cây mèo 3 tầng,Đồ chơi,306333
PRD1095,Thức ăn thỏ hữu cơ,Thức ăn,632191
PRD1096,Dầu gội lông bóng,Chăm sóc da,440734
PRD1097,Tunnel chơi thỏ,Đồ chơi,986557
PRD1098,Giường nằm cho mèo,Phụ kiện,64085
PRD1099,Thuốc tẩy giun,Dược phẩm,797653
PRD1100,Thức ăn mèo cao cấp,Thức ăn,401902
PRD1101,Ngoạm cắt móng,Thiết bị y tế,696617
PRD1102,Vitamin C dạng bột,Vitamin,369301
PRD1103,Xịt khử mùi,Chăm sóc da,154071
PRD1104,Nhiệt kế điện tử,Thiết bị y tế,892766
PRD1105,Vòng cổ chó thông minh,Phụ kiện,812691
PRD1106,Glucosamine cho khớp,Vitamin,191179
PRD1107,Thức ăn thỏ hữu cơ,Thức ăn,268984
PRD1108,Giường nằm cho mèo,Phụ kiện,180318
PRD1109,Cát lót thỏ,Phụ kiện,524164
PRD1110,Giường nằm cho mèo,Phụ kiện,937368
PRD1111,Bóng cao su,Đồ chơi,445955
PRD1112,Ký sinh trùng detector,Thiết bị y tế,876056
PRD1113,Kháng sinh dạng bột,Dược phẩm,512532
PRD1114,Kem mềm da,Chăm sóc da,339353
PRD1115,Dây kéo vải,Đồ chơi,507892
PRD1116,Thức ăn chó hạt khô Premium,Thức ăn,380005
PRD1117,Kem mềm da,Chăm sóc da,407829
PRD1118,Nhiệt kế điện tử,Thiết bị y tế,70146
PRD1119,Bóng cao su,Đồ chơi,571854
PRD1120,Vitamin C dạng bột,Vitamin,629637
PRD1121,Thức ăn Tây Ban Nha,Thức ăn,496887
PRD1122,Thức ăn thỏ hữu cơ,Thức ăn,457307
PRD1123,Glucosamine cho khớp,Vitamin,998674
PRD1124,Probiotic tiêu hóa,Vitamin,738338
PRD1125,Lồng chim,Phụ kiện,200699
PRD1126,Bóng cao su,Đồ chơi,401298
PRD1127,Glucosamine cho khớp,Vitamin,109500
PRD1128,Bóng cao su,Đồ chơi,315977
PRD1129,Tunnel chơi thỏ,Đồ chơi,116417
PRD1130,Probiotic tiêu hóa,Vitamin,121640
PRD1131,Kem chữa ghề,Dược phẩm,63241
PRD1132,Ký sinh trùng detector,Thiết bị y tế,159512
PRD1133,Probiotic tiêu hóa,Vitamin,224553
PRD1134,Dầu gội lông bóng,Chăm sóc da,804953
PRD1135,Vòng cổ chó thông minh,Phụ kiện,387054
PRD1136,Dây xích chó,Phụ kiện,636749
PRD1137,Máy hút bụi lông,Thiết bị y tế,60774
PRD1138,Vitamin C dạng bột,Vitamin,688471
PRD1139,Probiotic tiêu hóa,Vitamin,742868
PRD1140,Vòng cổ chó thông minh,Phụ kiện,36462
PRD1141,Probiotic tiêu hóa,Vitamin,673094
PRD1142,Bóng cao su,Đồ chơi,164777
PRD1143,Dây kéo vải,Đồ chơi,522598
PRD1144,Thức ăn thỏ hữu cơ,Thức ăn,802142
PRD1145,Siro ho cho chó,Dược phẩm,935388
PRD1146,Nhiệt kế điện tử,Thiết bị y tế,849200
PRD1147,Chuông leng keng,Đồ chơi,514630
PRD1148,Cây mèo 3 tầng,Đồ chơi,124458
PRD1149,Vitamin C dạng bột,Vitamin,286694
PRD1150,Chuông leng keng,Đồ chơi,259219
PRD1151,Sữa tắm chuyên dùng,Chăm sóc da,527945
PRD1152,Thức ăn Tây Ban Nha,Thức ăn,793553
PRD1153,Canxi cho chó già,Vitamin,593515
PRD1154,Chuông leng keng,Đồ chơi,673915
PRD1155,Kem mềm da,Chăm sóc da,447800
PRD1156,Vòng cổ chó thông minh,Phụ kiện,99335
PRD1157,Siro ho cho chó,Dược phẩm,88351
PRD1158,Dầu gội lông bóng,Chăm sóc da,670597
PRD1159,Dầu cá tốt cho lông,Vitamin,207192
PRD1160,Tunnel chơi thỏ,Đồ chơi,765040
PRD1161,Nhiệt kế điện tử,Thiết bị y tế,936683
PRD1162,Kem chữa ghề,Dược phẩm,648797
PRD1163,Dầu cá tốt cho lông,Vitamin,144317
PRD1164,Thức ăn Tây Ban Nha,Thức ăn,638534
PRD1165,Ngoạm cắt móng,Thiết bị y tế,55402
PRD1166,Canxi cho chó già,Vitamin,984777
PRD1167,Thuốc tẩy giun,Dược phẩm,550137
PRD1168,Vitamin C dạng bột,Vitamin,36788
PRD1169,Ký sinh trùng detector,Thiết bị y tế,303644
PRD1170,Vòng cổ chó thông minh,Phụ kiện,889544
PRD1171,Kem mềm da,Chăm sóc da,830347
PRD1172,Giường nằm cho mèo,Phụ kiện,954598
PRD1173,Dây xích chó,Phụ kiện,650141
PRD1174,Ngoạm cắt móng,Thiết bị y tế,130609
PRD1175,Cát lót thỏ,Phụ kiện,680453
PRD1176,Bàn chải đánh răng,Thiết bị y tế,891841
PRD1177,Máy hút bụi lông,Thiết bị y tế,369314
PRD1178,Sữa tắm chuyên dùng,Chăm sóc da,730908
PRD1179,Thức ăn chó hạt khô Premium,Thức ăn,949271
PRD1180,Glucosamine cho khớp,Vitamin,116961
PRD1181,Giường nằm cho mèo,Phụ kiện,437352
PRD1182,Thuốc tẩy giun,Dược phẩm,320869
PRD1183,Probiotic tiêu hóa,Vitamin,537914
PRD1184,Thức ăn mèo cao cấp,Thức ăn,375572
PRD1185,Probiotic tiêu hóa,Vitamin,102049
PRD1186,Vitamin C dạng bột,Vitamin,953235
PRD1187,Ngoạm cắt móng,Thiết bị y tế,618804
PRD1188,Cát lót thỏ,Phụ kiện,430979
PRD1189,Giường nằm cho mèo,Phụ kiện,334329
PRD1190,Chuông leng keng,Đồ chơi,73739
PRD1191,Thức ăn thỏ hữu cơ,Thức ăn,627482
PRD1192,Probiotic tiêu hóa,Vitamin,964540
PRD1193,Ký sinh trùng detector,Thiết bị y tế,786760
PRD1194,Thức ăn Tây Ban Nha,Thức ăn,618048
PRD1195,Tunnel chơi thỏ,Đồ chơi,181903
PRD1196,Siro ho cho chó,Dược phẩm,90229
PRD1197,Sữa tắm chuyên dùng,Chăm sóc da,671145
PRD1198,Dây xích chó,Phụ kiện,484423
PRD1199,Bàn chải đánh răng,Thiết bị y tế,105584
PRD1200,Glucosamine cho khớp,Vitamin,301817
PRD1201,Dầu gội lông bóng,Chăm sóc da,59236
PRD1202,Lồng chim,Phụ kiện,594922
PRD1203,Dây xích chó,Phụ kiện,63974
PRD1204,Vitamin C dạng bột,Vitamin,230570
PRD1205,Máy hút bụi lông,Thiết bị y tế,341744
PRD1206,Dây kéo vải,Đồ chơi,432708
PRD1207,Giường nằm cho mèo,Phụ kiện,24772
PRD1208,Vòng cổ chó thông minh,Phụ kiện,924554
PRD1209,Xịt khử mùi,Chăm sóc da,175099
PRD1210,Chuông leng keng,Đồ chơi,560180
PRD1211,Cát lót thỏ,Phụ kiện,198925
PRD1212,Bàn chải đánh răng,Thiết bị y tế,992506
PRD1213,Thức ăn chó Poodle,Thức ăn,94530
PRD1214,Probiotic tiêu hóa,Vitamin,985699
PRD1215,Vitamin B12 tiêm,Dược phẩm,430141
PRD1216,Tunnel chơi thỏ,Đồ chơi,631855
PRD1217,Siro ho cho chó,Dược phẩm,48775
PRD1218,Kem chống côn trùng,Chăm sóc da,85472
PRD1219,Cát lót thỏ,Phụ kiện,102049
PRD1220,Canxi cho chó già,Vitamin,466206
PRD1221,Vòng cổ chó thông minh,Phụ kiện,980735
PRD1222,Xịt khử mùi,Chăm sóc da,372146
PRD1223,Kháng sinh dạng bột,Dược phẩm,539986
PRD1224,Vitamin C dạng bột,Vitamin,636877
PRD1225,Dầu cá tốt cho lông,Vitamin,337409
PRD1226,Dây kéo vải,Đồ chơi,515432
PRD1227,Glucosamine cho khớp,Vitamin,113288
PRD1228,Lồng chim,Phụ kiện,822461
PRD1229,Chuông leng keng,Đồ chơi,793903
PRD1230,Máy hút bụi lông,Thiết bị y tế,910956
PRD1231,Glucosamine cho khớp,Vitamin,555790
PRD1232,Dây kéo vải,Đồ chơi,838396
PRD1233,Canxi cho chó già,Vitamin,747062
PRD1234,Kháng sinh dạng bột,Dược phẩm,926178
PRD1235,Máy hút bụi lông,Thiết bị y tế,162461
PRD1236,Canxi cho chó già,Vitamin,587631
PRD1237,Thức ăn mèo cao cấp,Thức ăn,392352
PRD1238,Dây kéo vải,Đồ chơi,989005
PRD1239,Dây kéo vải,Đồ chơi,374567
PRD1240,Dây kéo vải,Đồ chơi,53949
PRD1241,Dây xích chó,Phụ kiện,655612
PRD1242,Ký sinh trùng detector,Thiết bị y tế,554647
PRD1243,Máy hút bụi lông,Thiết bị y tế,165909
PRD1244,Cát lót thỏ,Phụ kiện,901244
PRD1245,Tunnel chơi thỏ,Đồ chơi,729302
PRD1246,Bàn chải đánh răng,Thiết bị y tế,310358
PRD1247,Bàn chải đánh răng,Thiết bị y tế,988221
PRD1248,Nhiệt kế điện tử,Thiết bị y tế,81143
PRD1249,Sữa tắm chuyên dùng,Chăm sóc da,932656
PRD1250,Ký sinh trùng detector,Thiết bị y tế,193846
PRD1251,Dây kéo vải,Đồ chơi,82973
PRD1252,Canxi cho chó già,Vitamin,308620
PRD1253,Thức ăn thỏ hữu cơ,Thức ăn,709918
PRD1254,Dây kéo vải,Đồ chơi,697916
PRD1255,Nhiệt kế điện tử,Thiết bị y tế,703153
PRD1256,Dây kéo vải,Đồ chơi,665765
PRD1257,Máy hút bụi lông,Thiết bị y tế,579642
PRD1258,Cây mèo 3 tầng,Đồ chơi,896831
PRD1259,Vòng cổ chó thông minh,Phụ kiện,746169
PRD1260,Tunnel chơi thỏ,Đồ chơi,266434
PRD1261,Xịt khử mùi,Chăm sóc da,671818
PRD1262,Lồng chim,Phụ kiện,441262
PRD1263,Vitamin C dạng bột,Vitamin,585408
PRD1264,Glucosamine cho khớp,Vitamin,798940
PRD1265,Sữa tắm chuyên dùng,Chăm sóc da,848654
PRD1266,Kháng sinh dạng bột,Dược phẩm,244924
PRD1267,Kem mềm da,Chăm sóc da,248400
PRD1268,Thức ăn chó Poodle,Thức ăn,140853
PRD1269,Giường nằm cho mèo,Phụ kiện,171061
PRD1270,Vitamin C dạng bột,Vitamin,179490
PRD1271,Ký sinh trùng detector,Thiết bị y tế,489520
PRD1272,Thức ăn mèo cao cấp,Thức ăn,497748
PRD1273,Tunnel chơi thỏ,Đồ chơi,650975
PRD1274,Nhiệt kế điện tử,Thiết bị y tế,314824
PRD1275,Bóng cao su,Đồ chơi,481702
PRD1276,Bàn chải đánh răng,Thiết bị y tế,740191
PRD1277,Cát lót thỏ,Phụ kiện,112586
PRD1278,Cây mèo 3 tầng,Đồ chơi,928143
PRD1279,Máy hút bụi lông,Thiết bị y tế,697911
PRD1280,Thức ăn thỏ hữu cơ,Thức ăn,26578
PRD1281,Glucosamine cho khớp,Vitamin,254490
PRD1282,Dây xích chó,Phụ kiện,651688
PRD1283,Dây kéo vải,Đồ chơi,932523
PRD1284,Cát lót thỏ,Phụ kiện,300187
PRD1285,Dầu gội lông bóng,Chăm sóc da,577807
PRD1286,Xịt khử mùi,Chăm sóc da,257184
PRD1287,Kem chữa ghề,Dược phẩm,55064
PRD1288,Thức ăn thỏ hữu cơ,Thức ăn,117401
PRD1289,Chuông leng keng,Đồ chơi,883809
PRD1290,Sữa tắm chuyên dùng,Chăm sóc da,856376
PRD1291,Thức ăn mèo cao cấp,Thức ăn,699121
PRD1292,Vitamin C dạng bột,Vitamin,269272
PRD1293,Siro ho cho chó,Dược phẩm,969591
PRD1294,Thức ăn thỏ hữu cơ,Thức ăn,140630
PRD1295,Thức ăn chó Poodle,Thức ăn,236981
PRD1296,Dầu cá tốt cho lông,Vitamin,143289
PRD1297,Kháng sinh dạng bột,Dược phẩm,208406
PRD1298,Dây kéo vải,Đồ chơi,230258
PRD1299,Cây mèo 3 tầng,Đồ chơi,265260
PRD1300,Lồng chim,Phụ kiện,699016
PRD1301,Máy hút bụi lông,Thiết bị y tế,808590
PRD1302,Siro ho cho chó,Dược phẩm,34544
PRD1303,Thức ăn mèo cao cấp,Thức ăn,552383
PRD1304,Máy hút bụi lông,Thiết bị y tế,261166
PRD1305,Kháng sinh dạng bột,Dược phẩm,376126
PRD1306,Glucosamine cho khớp,Vitamin,418435
PRD1307,Nhiệt kế điện tử,Thiết bị y tế,178493
PRD1308,Thức ăn Tây Ban Nha,Thức ăn,31636
PRD1309,Thuốc tẩy giun,Dược phẩm,431102
PRD1310,Vitamin B12 tiêm,Dược phẩm,944590
PRD1311,Thuốc tẩy giun,Dược phẩm,538126
PRD1312,Dầu gội lông bóng,Chăm sóc da,787400
PRD1313,Dầu gội lông bóng,Chăm sóc da,849265
PRD1314,Dây kéo vải,Đồ chơi,861708
PRD1315,Giường nằm cho mèo,Phụ kiện,965841
PRD1316,Dây kéo vải,Đồ chơi,952982
PRD1317,Canxi cho chó già,Vitamin,975365
PRD1318,Giường nằm cho mèo,Phụ kiện,275050
PRD1319,Vitamin B12 tiêm,Dược phẩm,91096
PRD1320,Máy hút bụi lông,Thiết bị y tế,292213
PRD1321,Kem chữa ghề,Dược phẩm,459118
PRD1322,Thức ăn chó Poodle,Thức ăn,633008
PRD1323,Glucosamine cho khớp,Vitamin,93054
PRD1324,Thức ăn mèo cao cấp,Thức ăn,529587
PRD1325,Cát lót thỏ,Phụ kiện,490897
PRD1326,Giường nằm cho mèo,Phụ kiện,97208
PRD1327,Thức ăn chó Poodle,Thức ăn,31677
PRD1328,Probiotic tiêu hóa,Vitamin,836612
PRD1329,Lồng chim,Phụ kiện,68638
PRD1330,Vitamin B12 tiêm,Dược phẩm,227595
PRD1331,Kem chữa ghề,Dược phẩm,896863
PRD1332,Lồng chim,Phụ kiện,223128
PRD1333,Vitamin B12 tiêm,Dược phẩm,765190
PRD1334,Thuốc tẩy giun,Dược phẩm,528425
PRD1335,Kem chữa ghề,Dược phẩm,683170
PRD1336,Kháng sinh dạng bột,Dược phẩm,81317
PRD1337,Siro ho cho chó,Dược phẩm,437569
PRD1338,Bóng cao su,Đồ chơi,85302
PRD1339,Dây xích chó,Phụ kiện,441764
PRD1340,Nhiệt kế điện tử,Thiết bị y tế,583332
PRD1341,Xịt khử mùi,Chăm sóc da,680175
PRD1342,Thức ăn Tây Ban Nha,Thức ăn,847136
PRD1343,Vitamin B12 tiêm,Dược phẩm,35003
PRD1344,Tunnel chơi thỏ,Đồ chơi,657054
PRD1345,Vitamin B12 tiêm,Dược phẩm,948075
PRD1346,Vitamin C dạng bột,Vitamin,173188
PRD1347,Kem mềm da,Chăm sóc da,811317
PRD1348,Canxi cho chó già,Vitamin,160340
PRD1349,Dây kéo vải,Đồ chơi,837340
PRD1350,Vitamin B12 tiêm,Dược phẩm,295518
PRD1351,Siro ho cho chó,Dược phẩm,308929
PRD1352,Kem chữa ghề,Dược phẩm,136433
PRD1353,Vòng cổ chó thông minh,Phụ kiện,332203
PRD1354,Glucosamine cho khớp,Vitamin,606386
PRD1355,Giường nằm cho mèo,Phụ kiện,448754
PRD1356,Thức ăn chó hạt khô Premium,Thức ăn,638932
PRD1357,Cây mèo 3 tầng,Đồ chơi,835710
PRD1358,Glucosamine cho khớp,Vitamin,553160
PRD1359,Glucosamine cho khớp,Vitamin,880411
PRD1360,Vitamin B12 tiêm,Dược phẩm,498311
PRD1361,Vitamin C dạng bột,Vitamin,228229
PRD1362,Cây mèo 3 tầng,Đồ chơi,860161
PRD1363,Thức ăn mèo cao cấp,Thức ăn,890121
PRD1364,Sữa tắm chuyên dùng,Chăm sóc da,606640
PRD1365,Dây xích chó,Phụ kiện,406042
PRD1366,Siro ho cho chó,Dược phẩm,108926
PRD1367,Thức ăn thỏ hữu cơ,Thức ăn,699465
PRD1368,Kháng sinh dạng bột,Dược phẩm,905570
PRD1369,Tunnel chơi thỏ,Đồ chơi,631892
PRD1370,Thức ăn mèo cao cấp,Thức ăn,673911
PRD1371,Thức ăn mèo cao cấp,Thức ăn,77698
PRD1372,Cát lót thỏ,Phụ kiện,457085
PRD1373,Probiotic tiêu hóa,Vitamin,202026
PRD1374,Ngoạm cắt móng,Thiết bị y tế,31851
PRD1375,Thức ăn mèo cao cấp,Thức ăn,72961
PRD1376,Bàn chải đánh răng,Thiết bị y tế,151151
PRD1377,Probiotic tiêu hóa,Vitamin,671649
PRD1378,Cây mèo 3 tầng,Đồ chơi,213849
PRD1379,Glucosamine cho khớp,Vitamin,723601
PRD1380,Dây xích chó,Phụ kiện,269577
PRD1381,Dầu cá tốt cho lông,Vitamin,486891
PRD1382,Thức ăn thỏ hữu cơ,Thức ăn,689386
PRD1383,Dây xích chó,Phụ kiện,822200
PRD1384,Thức ăn mèo cao cấp,Thức ăn,959989
PRD1385,Ký sinh trùng detector,Thiết bị y tế,584934
PRD1386,Vitamin B12 tiêm,Dược phẩm,525847
PRD1387,Chuông leng keng,Đồ chơi,883367
PRD1388,Thức ăn mèo cao cấp,Thức ăn,136824
PRD1389,Canxi cho chó già,Vitamin,217574
PRD1390,Sữa tắm chuyên dùng,Chăm sóc da,838147
PRD1391,Siro ho cho chó,Dược phẩm,773938
PRD1392,Dây kéo vải,Đồ chơi,440130
PRD1393,Nhiệt kế điện tử,Thiết bị y tế,369710
PRD1394,Chuông leng keng,Đồ chơi,986302
PRD1395,Dầu cá tốt cho lông,Vitamin,90278
PRD1396,Lồng chim,Phụ kiện,899948
PRD1397,Ký sinh trùng detector,Thiết bị y tế,216108
PRD1398,Sữa tắm chuyên dùng,Chăm sóc da,294179
PRD1399,Vitamin C dạng bột,Vitamin,776884
PRD1400,Dầu cá tốt cho lông,Vitamin,340070
PRD1401,Tunnel chơi thỏ,Đồ chơi,279360
PRD1402,Cây mèo 3 tầng,Đồ chơi,929747
PRD1403,Máy hút bụi lông,Thiết bị y tế,899007
PRD1404,Bàn chải đánh răng,Thiết bị y tế,416987
PRD1405,Siro ho cho chó,Dược phẩm,44695
PRD1406,Chuông leng keng,Đồ chơi,257184
PRD1407,Thức ăn mèo cao cấp,Thức ăn,628821
PRD1408,Vitamin C dạng bột,Vitamin,311621
PRD1409,Nhiệt kế điện tử,Thiết bị y tế,619941
PRD1410,Dầu cá tốt cho lông,Vitamin,809189
PRD1411,Canxi cho chó già,Vitamin,406070
PRD1412,Dây xích chó,Phụ kiện,345290
PRD1413,Dây kéo vải,Đồ chơi,937845
PRD1414,Ngoạm cắt móng,Thiết bị y tế,506910
PRD1415,Lồng chim,Phụ kiện,138212
PRD1416,Xịt khử mùi,Chăm sóc da,520268
PRD1417,Chuông leng keng,Đồ chơi,269286
PRD1418,Probiotic tiêu hóa,Vitamin,958534
PRD1419,Siro ho cho chó,Dược phẩm,522112
PRD1420,Sữa tắm chuyên dùng,Chăm sóc da,265357
PRD1421,Nhiệt kế điện tử,Thiết bị y tế,850760
PRD1422,Cây mèo 3 tầng,Đồ chơi,71805
PRD1423,Lồng chim,Phụ kiện,94645
PRD1424,Bóng cao su,Đồ chơi,202112
PRD1425,Kem mềm da,Chăm sóc da,358197
PRD1426,Canxi cho chó già,Vitamin,428195
PRD1427,Vitamin B12 tiêm,Dược phẩm,665049
PRD1428,Kem mềm da,Chăm sóc da,912206
PRD1429,Cây mèo 3 tầng,Đồ chơi,858886
PRD1430,Giường nằm cho mèo,Phụ kiện,206457
PRD1431,Thức ăn mèo cao cấp,Thức ăn,193855
PRD1432,Sữa tắm chuyên dùng,Chăm sóc da,385284
PRD1433,Thức ăn Tây Ban Nha,Thức ăn,891449
PRD1434,Thức ăn chó hạt khô Premium,Thức ăn,970599
PRD1435,Kem chữa ghề,Dược phẩm,97380
PRD1436,Glucosamine cho khớp,Vitamin,251804
PRD1437,Thức ăn Tây Ban Nha,Thức ăn,621539
PRD1438,Máy hút bụi lông,Thiết bị y tế,363017
PRD1439,Vitamin C dạng bột,Vitamin,211140
PRD1440,Nhiệt kế điện tử,Thiết bị y tế,43466
PRD1441,Kháng sinh dạng bột,Dược phẩm,628114
PRD1442,Vitamin C dạng bột,Vitamin,63923
PRD1443,Kháng sinh dạng bột,Dược phẩm,136954
PRD1444,Siro ho cho chó,Dược phẩm,473215
PRD1445,Bàn chải đánh răng,Thiết bị y tế,346276
PRD1446,Dầu gội lông bóng,Chăm sóc da,200442
PRD1447,Glucosamine cho khớp,Vitamin,609465
PRD1448,Tunnel chơi thỏ,Đồ chơi,255030
PRD1449,Lồng chim,Phụ kiện,863909
PRD1450,Kháng sinh dạng bột,Dược phẩm,224099
PRD1451,Dầu cá tốt cho lông,Vitamin,779718
PRD1452,Kem chống côn trùng,Chăm sóc da,44501
PRD1453,Dây xích chó,Phụ kiện,536238
PRD1454,Nhiệt kế điện tử,Thiết bị y tế,653363
PRD1455,Glucosamine cho khớp,Vitamin,697064
PRD1456,Vitamin C dạng bột,Vitamin,681219
PRD1457,Kem mềm da,Chăm sóc da,58491
PRD1458,Cây mèo 3 tầng,Đồ chơi,685543
PRD1459,Kem mềm da,Chăm sóc da,276328
PRD1460,Probiotic tiêu hóa,Vitamin,907885
PRD1461,Siro ho cho chó,Dược phẩm,317021
PRD1462,Bàn chải đánh răng,Thiết bị y tế,434484
PRD1463,Chuông leng keng,Đồ chơi,985868
PRD1464,Vòng cổ chó thông minh,Phụ kiện,468822
PRD1465,Xịt khử mùi,Chăm sóc da,64427
PRD1466,Kháng sinh dạng bột,Dược phẩm,344543
PRD1467,Sữa tắm chuyên dùng,Chăm sóc da,806845
PRD1468,Kem mềm da,Chăm sóc da,20537
PRD1469,Thức ăn chó Poodle,Thức ăn,268575
PRD1470,Glucosamine cho khớp,Vitamin,917442
PRD1471,Ký sinh trùng detector,Thiết bị y tế,505280
PRD1472,Lồng chim,Phụ kiện,932587
PRD1473,Vitamin B12 tiêm,Dược phẩm,184923
PRD1474,Kem chữa ghề,Dược phẩm,209305
PRD1475,Xịt khử mùi,Chăm sóc da,415886
PRD1476,Thuốc tẩy giun,Dược phẩm,356340
PRD1477,Thuốc tẩy giun,Dược phẩm,359013
PRD1478,Thuốc tẩy giun,Dược phẩm,550615
PRD1479,Vòng cổ chó thông minh,Phụ kiện,499818
PRD1480,Canxi cho chó già,Vitamin,289905
PRD1481,Kháng sinh dạng bột,Dược phẩm,80574
PRD1482,Canxi cho chó già,Vitamin,609997
PRD1483,Máy hút bụi lông,Thiết bị y tế,661847
PRD1484,Thức ăn chó hạt khô Premium,Thức ăn,624465
PRD1485,Dầu gội lông bóng,Chăm sóc da,424972
PRD1486,Vitamin B12 tiêm,Dược phẩm,115796
PRD1487,Glucosamine cho khớp,Vitamin,208459
PRD1488,Cát lót thỏ,Phụ kiện,412912
PRD1489,Vòng cổ chó thông minh,Phụ kiện,313815
PRD1490,Thức ăn mèo cao cấp,Thức ăn,782411
PRD1491,Xịt khử mùi,Chăm sóc da,958370
PRD1492,Tunnel chơi thỏ,Đồ chơi,427849
PRD1493,Bàn chải đánh răng,Thiết bị y tế,113046
PRD1494,Cây mèo 3 tầng,Đồ chơi,895760
PRD1495,Thức ăn chó hạt khô Premium,Thức ăn,491972
PRD1496,Vòng cổ chó thông minh,Phụ kiện,81396
PRD1497,Nhiệt kế điện tử,Thiết bị y tế,736008
PRD1498,Nhiệt kế điện tử,Thiết bị y tế,855121
PRD1499,Giường nằm cho mèo,Phụ kiện,229764
PRD1500,Sữa tắm chuyên dùng,Chăm sóc da,23995
